Mudule,Item Format 3,theta_0,theta_1,theta_2,theta_3,theta_4,theta_5,theta_6,theta_7,theta_8,theta_9,theta_10,theta_11,theta_12,theta_13,theta_14,theta_15,theta_16,theta_17,theta_18,theta_19,theta_20,theta_21,theta_22,theta_23,theta_24,theta_25,theta_26,theta_27,theta_28,theta_29,theta_30,theta_31,theta_32,theta_33,theta_34,theta_35,theta_36,theta_37,theta_38,theta_39,theta_40,theta_41,theta_42,theta_43,theta_44,theta_45,theta_46,theta_47,theta_48,theta_49,theta_50,theta_51,theta_52,theta_53,theta_54,theta_55,theta_56,theta_57,theta_58,theta_59,theta_60
RC1,1,0.3242179655130597,0.3682312050832449,0.41844986475668994,0.47570716803556357,0.5409180293683855,0.6150739877935445,0.6992317907547779,0.7944934530678791,0.9019753311779173,1.0227636452433568,1.157854097858277,1.308073962728511,1.4739864482386538,1.655779442228369,1.8531439582122466,2.0651515432578815,2.2901440523630203,2.5256526421005088,2.768364396399677,3.0141534699535297,3.2581882648138816,3.4951171166420103,3.7193236295636223,3.925231549795997,4.107630628384905,4.261991390200154,4.384738772347339,4.473461193455542,4.5270404088171565,4.545695666195521,4.530940968101854,4.485455994603637,4.412870870165968,4.317465759698498,4.203792251081144,4.07623745830979,3.9385734428749455,3.7935590470919243,3.642679049840713,3.4861043338718725,3.322925748194372,3.151651444381369,2.9708760846507998,2.779960278994582,2.5795352944562575,2.3716919181805975,2.1598116460347443,1.9481111463969936,1.7410483183666496,1.5427528043490082,1.3566018961820838,1.1849942580169663,1.0293109897741655,0.8900151427334047,0.766829349830112,0.6589388339144635,0.5651832263395956,0.48421731351360947,0.414633843210625,0.3550497942559538,0.3041617018867456
RC2,1,0.2957907624195064,0.331771065991989,0.37243052571305535,0.4183763579396183,0.47027805075770224,0.5288653434042152,0.5949219031167843,0.6692729752856045,0.7527649105821066,0.8462341491872348,0.9504630645790801,1.0661201838447127,1.193682907305642,1.3333421882677876,1.4848909481167976,1.6476014613069858,1.8201015149488242,2.000264427997385,2.1851330825267157,2.370901472168095,2.5529769954215618,2.7261409800755816,2.8848127765027862,3.0234050492967275,3.136737796194142,3.220461265748604,3.2714289704553856,3.287965355705143,3.2699887363576323,3.218975039722351,3.1377750111822165,3.030319852753829,2.901263002996349,2.7556076620174452,2.598362614575902,2.4342565352899266,2.2675270417279725,2.101788153404802,1.9399701327528274,1.784319461971241,1.6364437473265143,1.4973860318107084,1.3677145604854846,1.2476166963182633,1.1369887464511659,1.0355164152391596,0.9427431254084315,0.8581253904126153,0.7810757621471873,0.7109946877502806,0.647292998578,0.5894068436536753,0.5368067770221938,0.4890024997856707,0.44554450559917136,0.40602362408577725,0.37006922396111724,0.33734663826434363,0.30755421140200556,0.2804202402141237,0.25569998486289947
RC3,1,0.2028788134067726,0.23019943235929913,0.26122527820849384,0.2964280785912762,0.3363243229695989,0.38147351109932315,0.43247365890315376,0.4899531021878647,0.554557476396409,0.6269306344777488,0.707688249066732,0.7973830053261401,0.8964607226175119,1.005207550569722,1.1236896536641867,1.2516885485882445,1.388637379749026,1.5335655976300668,1.6850611841971355,1.84125998660751,1.999870089268201,2.1582350092798457,2.3134331238872874,2.462403462595916,2.6020820849772095,2.729531179842822,2.842046210570326,2.93723422405697,3.0130658521829035,3.0679104480819124,3.1005651295152337,3.1102840856553353,3.096807354595487,3.060382774912348,3.0017738833681755,2.922249790485776,2.823557337193709,2.7078776899407524,2.57776792535726,2.436085127034515,2.2858894814734576,2.1303259354578907,1.9724904053272816,1.8152932287306078,1.6613361534651432,1.5128179597284157,1.3714784304646401,1.2385830468456214,1.114943995557929,1.000968538524004,0.8967240427575701,0.8020095713938163,0.7164260025702897,0.639439255985165,0.5704336898044313,0.508754711403948,0.45374100922867744,0.4047476086683467,0.361161307631671,0.32241009819095023,0.28796805203536
RC4,1,0.3766548137549886,0.4349322596225754,0.5015866872729584,0.5775809456232586,0.6639031652538332,0.7615345763367466,0.8714054288161228,0.9943375932005517,1.1309733002462852,1.2816909472575124,1.4465110309709066,1.624998017397583,1.8161670926086404,2.018407771911532,2.2294385386297515,2.4463071239306258,2.6654488332596937,2.8828098970594644,3.0940342453079053,3.294701355209804,3.480591847488237,3.647948991254748,3.7937010464126084,3.9156134994918697,4.012352065901411,4.083454756250628,4.129229955530816,4.150611805985766,4.149009420801461,4.12618040673572,4.084143300019047,4.025122665171911,3.951501628860411,3.865746447148335,3.7702713596559345,3.6672309786277317,3.5582587585310232,3.4442058210758684,3.3249625614259584,3.19945209771813,3.065858385726722,2.922090747955025,2.766404730386413,2.598027257903902,2.417608199313081,2.2273617230444533,2.030857913944457,1.8325362419134805,1.6370887454770986,1.4488747186530448,1.2714865169238612,1.1075175735968945,0.9585209510849774,0.8251085373233488,0.7071297613752362,0.6038765011149585,0.5142771941136663,0.43705998378207866,0.37087785053252753,0.3143970251922867,0.2663542235563768
RC5,1,0.34822761066143537,0.39847212053131953,0.45556734822932377,0.5202501355273134,0.5932631866431498,0.6753259319474172,0.7670955411781292,0.8691171154182771,0.9817628796504745,1.1051614512013903,1.2391199976917098,1.383044238513785,1.5358635516756287,1.6959705179509506,1.8611855285343024,2.02875704197973,2.1954062958454976,2.357421682956341,2.5108029314349434,2.6514493574243696,2.775380578095917,2.8789728546883198,2.9591901933517724,3.0137869989926003,3.041459233710648,3.041924631799078,3.015920153638862,2.9651159682353674,2.8919577483419356,2.79945978026255,2.6909773430994095,2.5699865233221035,2.439893761690792,2.303888349467282,2.1648417231506922,2.0252500556078687,1.8872123573840502,1.7524349273887463,1.6222536443380724,1.4976672258174983,1.379376384858865,1.2678253353843645,1.1632432062210984,1.0656836752275831,0.9750616513079893,0.8911862201030155,0.8137893933181444,0.7425504859291023,0.6771161892576363,0.6171166020543173,0.5621776193197774,0.5119301592336034,0.46601673833300583,0.4240958943756148,0.3858449171442956,0.35096129128627224,0.319163191735188,0.29018930853281283,0.26379821872390813,0.23976747115045663,0.21789250653253067
RC6,1,0.23130601650032584,0.2666595714505551,0.3072446172521284,0.3537588886872214,0.4069643015802822,0.46768215548865255,0.5367835465411475,0.6151735799701393,0.7037678969922196,0.8034601305338709,0.9150792823459288,1.0393367842099381,1.1767642635505235,1.3276448045303033,1.4919426637596358,1.6692386305391405,1.8586799171632218,2.0589538117331903,2.268292498070097,2.4845119843929444,2.7050813586605207,2.927211145846274,3.1479439769481234,3.3642299630951853,3.572974917167973,3.771061304294372,3.9553560124622797,4.122730061807369,4.270117524642428,4.3946310745550825,4.49373108643487,4.565420227505143,4.608415221765106,4.622240872593402,4.607203519873417,4.564230713505639,4.4946037383406825,4.399648583627874,4.280476842445146,4.137869998935146,3.9723714823413148,3.7845913480285516,3.5756519294925964,3.347636811406926,3.1038827014702353,2.8489934626698536,2.5885469510909527,2.3285688028299996,2.0749165517773913,1.8327266551227315,1.6060329403616538,1.3975969857571073,1.2089302153222612,1.040451898932899,0.8917185340353719,0.7616699212326342,0.6488550116071559,0.5516182839176125,0.46824093944029044,0.39703965223278026,0.33642976905920613
RC7,1,0.2946888675313768,0.3320370365674439,0.3743026934938089,0.42211614945654913,0.476172505112961,0.5372314015184105,0.6061136267081779,0.6836933369438253,0.7708843828052672,0.8686189786247838,0.9778167705043876,1.0993423211007585,1.2339492462127502,1.3822098441106934,1.5444302020701874,1.720552575595954,1.9100493700135142,2.1118162146762964,2.3240750705487825,2.5443014140222022,2.7691913702729636,2.9946841766539603,3.2160516845701324,3.428059532600108,3.6251949247980546,3.801945467930642,3.9531047099866448,4.07407504459103,4.161138471525065,4.211669773884476,4.2242734603633085,4.198833928562063,4.136477197400331,4.039452214901102,3.910949483664335,3.754882380767012,3.5756590810786895,3.3779686201555443,3.166594574701983,2.9462582920736686,2.7214855529944995,2.496488925337391,2.2750622034486128,2.060489752711498,1.8554782932657918,1.6621193011402573,1.4818868636650313,1.3156703663782456,1.163836124358249,1.0263086515279336,0.9026612427248235,0.7922065676470611,0.6940802305877185,0.6073128958881071,0.5308889997887163,0.4637919383397767,0.40503685393084576,0.3536928077132252,0.3088963576899736,0.26985850820846224,0.23586678015316853
RC8,1,0.44003766478603956,0.5003097247394642,0.5686447635146389,0.6459382063925863,0.733111368786512,0.8310838223665046,0.9407355089831534,1.0628573501742378,1.1980897860593327,1.346849795348425,1.5092485191293654,1.6850035542884034,1.873352075270867,2.0729728114919217,2.2819260769403034,2.4976210689874394,2.716818286109986,2.9356723000025706,3.149816817786591,3.3544907848390624,3.5447018591006803,3.7154220220624343,3.8618087540346173,3.979443068996792,4.064572073531493,4.114338919886897,4.126978653055181,4.101956788769428,4.040030367684098,3.9432191060651136,3.814685673947485,3.658536366228831,3.4795636044956364,3.2829577894560362,3.074017323446851,2.857882645889105,2.6393141012690307,2.4225258576035382,2.2110802936827954,2.007840390856652,1.814972456379907,1.6339883252638647,1.4658150043424294,1.3108801992084733,1.169203791108638,1.040487561514857,0.9241978265185355,0.8196378054617264,0.7260083180579562,0.642456715058247,0.5681148192870307,0.5021271554868483,0.4436709663504346,0.39196953427855685,0.34630022712858055,0.30599851822210095,0.2704590364373563,0.23913450757769134,0.2115332687822107,0.18721588116796867,0.16579123465033918
R11H,1,0.29908441876501685,0.3425025283419783,0.3922463218046499,0.4491310887108113,0.5140311973419143,0.5878663494087325,0.6715798592606833,0.7661071912682139,0.872333232581859,0.9910374147806484,1.1228269522417054,1.2680602113297812,1.4267645172394645,1.5985553030886264,1.7825659195679202,1.9773989417389957,2.181109653587855,2.3912300090613945,2.6048367894336164,2.818661733000222,3.0292356071965827,3.2330541213318003,3.4267521159885574,3.607273212819833,3.7720235708559384,3.9189989386450503,4.046873215516714,4.155035249445585,4.243560768065228,4.313110298716028,4.364752640103132,4.399726174672685,4.419164840225111,4.423828751518147,4.413887738045809,4.38880606556269,4.3473658422696015,4.287844522749067,4.208331102211524,4.107132424648805,3.9831948431650157,3.836456680770149,3.6680588923153605,3.4803730071656567,3.2768473324961445,3.0617112454788478,2.839601866109918,2.61518254216783,2.3928107619818566,2.1762915215661227,1.9687289369838332,1.7724700352726166,1.589122922350755,1.419626822120238,1.2643520784210056,1.12321191590979,0.9957726643760729,0.8813539613889347,0.7791144599206947,0.6881215367710746,0.6074054627080914
R11L,1,0.5179663270869368,0.6007812853528851,0.6959465408020532,0.8049158653670874,0.9291681714758078,1.0701506615187382,1.2292037587506477,1.4074681195481022,1.6057769494902554,1.8245407014862542,2.0636354062202926,2.3223090370270323,2.5991203311407256,2.891918851215234,3.1978618810511152,3.513443565500552,3.8344897480478877,4.156059599578267,4.4722087709494796,4.775624012524016,5.057238912660168,5.3060593628910375,5.509502307411595,5.654495042591584,5.729337613251796,5.7259493003803605,5.641795309278538,5.480762677479065,5.252616790530256,4.971241919182445,4.652312725793061,4.311127586221155,3.9610910659113427,3.6129752800511925,3.274819485143394,2.9522195793428057,2.6487796496963463,2.366574277014266,2.10654743686763,1.8688271452813607,1.6529626333408154,1.458100403615699,1.283115511818994,1.1267108239771542,0.9874930316001875,0.8640311183991951,0.7549009636101476,0.6587186159716742,0.574164169808467,0.49999786606244245,0.4350698603396783,0.3783249571369936,0.32880346604932253,0.28563918287590806,0.24805534052262684,0.21535921985356268,0.18693596688898725,0.16224203521932815,0.14079856375967859,0.12218491037470151,0.10603249032162144
R12H,1,0.2623904289780642,0.2996811529711964,0.34216602564893894,0.39050396803820553,0.4454124871015037,0.5076637770840707,0.5780767925836611,0.6575040354086097,0.7468116359036885,0.8468512285070557,0.9584221892273567,1.0822231098100847,1.2187920372332726,1.368436118019408,1.5311529373396664,1.70654803884787,1.8937557140658785,2.09137280307933,2.29741732477974,2.5093243787306787,2.723989956469634,2.937868313712948,3.1471203165110135,3.3477997552070535,3.5360544186084155,3.7083120900975484,3.8614218334746897,3.9927297060049165,4.100084323553168,4.181787385132056,4.236521123725423,4.263292392175698,4.261427695961976,4.230635088981279,4.171122505472658,4.0837368151211635,3.9700736611941005,3.8325116415164313,3.6741452178220255,3.4986208159441157,3.3099077804158994,3.1120500426255626,2.908942166510796,2.704158832337606,2.5008478464223463,2.301680941747804,2.10884792421251,1.9240781210789288,1.748676128383552,1.5835635325706052,1.4293224069823565,1.2862389925593007,1.154347083687289,1.0334707660295865,0.9232658718392766,0.8232592424468661,0.7328848096037206,0.651515647677404,0.5784914365911035,0.5131411167942284,0.4548008350887337
R12L,1,0.26262768658830293,0.30365529393111024,0.35118813599652304,0.4062290189808828,0.4699106892943483,0.5434993796238676,0.6283909353280287,0.7260952678769419,0.8382034121424884,0.9663298725329315,1.1120215533645725,1.2766240213772329,1.4610972228695394,1.665777641987015,1.890094099540324,2.132261412744408,2.3889996004735012,2.655351964829431,2.924693244905569,3.189014015166273,3.43952486260881,3.6675403115295397,3.8654975439106902,4.027882124794009,4.151821049989146,4.237184742179789,4.286187554264924,4.302625719570237,4.290978057872675,4.2555922460056665,4.200108642650909,4.1271789878356255,4.038457578121227,3.9347953370333,3.8165509955203056,3.683938065762166,3.537341339217967,3.3775559973563887,3.2059230793481146,3.0243552558606406,2.8352647285139145,2.6414184448270546,2.445752955575916,2.2511816461588436,2.0604217666805766,1.875859834464939,1.6994641283130603,1.5327442846354677,1.3767517405565062,1.2321113270946018,1.099073370269,0.9775765069414931,0.8673132857924062,0.7677928414703356,0.6783970444448324,0.5984282880046945,0.5271483863803954,0.4638089387499564,0.40767403274001524,0.3580364065274677,0.3142282459404251
R13H,1,0.3684122017839319,0.4260493365780569,0.4923063170369545,0.5683110787712291,0.6552817757245507,0.7545132125797501,0.867353860771572,0.9951706053910635,1.139297890626378,1.3009675243818357,1.481215203129267,1.6807600639787488,1.8998546532123923,2.1381052014231097,2.394266769902516,2.6660254501497476,2.949790742137276,3.2405348083094654,3.531728837727048,3.815435014855566,4.082608190826737,4.323637147709059,4.529108768973418,4.690716281141192,4.802172930408981,4.859959429689849,4.863747167633136,4.816402769019941,4.723574714009017,4.5929562584405135,4.4333788287583396,4.253900365655759,4.063019067598356,3.8680853959941413,3.674928447920471,3.4876744524353294,3.3087211522446824,3.1388374774782752,2.9773721060736213,2.8225648833107817,2.671952635253429,2.522843489973316,2.3728076585932927,2.2201106992983295,2.064011692784532,1.904870964288038,1.7440553539403298,1.5836779470819566,1.4262449752896722,1.2742933666950642,1.1300881684160582,0.9954196559425124,0.8715084275059128,0.7590030097733826,0.6580423618570624,0.5683539295570923,0.48936279484165823,0.42029503627876097,0.36026583336563067,0.308348665267548,0.26362580040074957
R13L,1,0.3875104572509227,0.4543286662861866,0.532431416010601,0.6235379336005796,0.7295438687914603,0.8525042614888827,0.9945997143562684,1.1580808839756083,1.3451862205914673,1.5580280995428462,1.7984430897734311,2.0678029431266314,2.3667837104086358,2.695091090837825,3.051141253945409,3.431699824688197,3.8314911268271277,4.242809925265602,4.655202428143714,5.055330546454046,5.427181388102211,5.7528065076595825,6.013733212049274,6.193044015968146,6.277864560633356,6.261708376360128,6.1459622862301435,5.939930113435633,5.659307714889593,5.323531766142324,4.952811640357123,4.565634679850248,4.177205016544223,3.7988686552857174,3.438293462325685,3.100075835240985,2.7864885019049317,2.498184430563552,2.2347693032073064,1.9952229495748952,1.778186607664186,1.5821463992294102,1.4055437978148888,1.246838466281357,1.1045420144955305,0.9772350825672,0.8635754249809051,0.762301388576807,0.6722330866017767,0.5922723480260949,0.5214018743950516,0.4586837405440107,0.40325727362318897,0.3543363367173112,0.31120607022025254,0.27321917536267476,0.23979184653127478,0.210399468644072,0.18457219405274933,0.16189050328417087,0.1419808387269527
R14H,1,0.2986883344247677,0.3474504743807885,0.4039995942146181,0.46942765688869476,0.5449101680645905,0.6316828957544096,0.7310045341208494,0.8441022755634128,0.9720981411192237,1.1159159380192265,1.2761722354224732,1.45305993742231,1.6462395424200602,1.8547597984219437,2.0770338543789735,2.310895830268164,2.5537525052147876,2.802823643854899,3.0554341361176656,3.3092885461816346,3.562635339707446,3.814226900401415,4.063012277015165,4.307565380118535,4.545346107601684,4.77199844523374,4.980974740705699,5.163786452425217,5.311059633709858,5.414296674187774,5.4678902834726095,5.470687310251155,5.426456426887403,5.343014561432625,5.230313834272579,5.098174626860293,4.954385612480129,4.803630568466495,4.647344224743294,4.484322764834552,4.311784306075586,4.12656461884388,3.9261889789796722,3.7096419770186095,3.4777445344892888,3.233132929921646,2.9799092501383764,2.7230842536094517,2.467952282014014,2.2195224318120292,1.9820901203747314,1.7589842181171844,1.5524821192507,1.363857462647975,1.193514294933214,1.0411636168837621,0.906007785521581,0.7869100359327247,0.6825370785707745,0.5914707784666242,0.5122900980536986
R14L,1,0.7217309992910464,0.82402342509132,0.9368958469606309,1.0603303613889787,1.1940162758084854,1.337330279562313,1.4893441252160746,1.6488647122318891,1.8145060798445338,1.9847859371922416,2.158232762319623,2.333485380249603,2.5093669404315415,2.684919519335727,2.859392539123925,3.032185125745123,3.2027471940499246,3.370446034669868,3.5344061898676964,3.6933332263848557,3.8453388278098166,3.9877956742864065,4.1172635626826395,4.229538217383423,4.319873789020395,4.38341030062015,4.4157920421304055,4.4138956389389055,4.376516783085897,4.304825687098036,4.202424415000561,4.074931214277608,3.9291490394660116,3.7719959817396296,3.6094393723908924,3.445667861341547,3.2826714947916686,3.120305014718633,2.9568054074670576,2.789635335336361,2.6164460630108537,2.4359208703141317,2.2482941274884785,2.0554412567753766,1.8605671288007217,1.6676321804447818,1.4807045268696617,1.3034042749587886,1.1385379745905875,0.9879443752037924,0.8525161786721724,0.7323365936030634,0.6268693219912156,0.5351548648928736,0.4559842862478801,0.38803740445697754,0.32998333275371455,0.28054745064938397,0.238551453084716,0.20293344940695598,0.1727542623440811
R15H,1,0.3026681458753509,0.34967080091555613,0.4037844564060263,0.46599510989170034,0.5373957741153961,0.6191894957442645,0.7126897829144303,0.819317469778629,0.9405926589120763,1.0781197219279126,1.23356223406613,1.408602957619925,1.6048813683668048,1.8238976654768497,2.066868010356541,2.3345119473677913,2.626751907491877,2.9423105896421626,3.278211091883449,3.6292239504409047,3.9873682322250907,4.341651738369777,4.6782960357646255,4.9816765273000225,5.236053141129343,5.42786484176335,5.54801944480467,5.593442333114833,5.56733210026582,5.478071095434233,5.33727512312423,5.157720417429314,4.951749816097619,4.73039033559621,4.50306661986416,4.277630953965742,4.060456075645886,3.856460698907711,3.6690613436771904,3.5001141882197584,3.3499220370447125,3.2173556438757567,3.1001007237851983,2.9950085471413903,2.898505565027862,2.8070067857002723,2.717277697467661,2.6266995493124368,2.5334113107523173,2.4363253834239766,2.335037834834786,2.229671554165861,2.120697767219411,2.008776585792202,1.8946432404988185,1.7790485031724061,1.6627452811645087,1.546502815397872,1.4311271287553604,1.31747046265968,1.2064206290343316
R15L,1,0.5415500601547191,0.6507084062347033,0.7811884891859444,0.9363476279947366,1.1196053412049496,1.3341851142371883,1.5827447646196782,1.8669018741881929,2.1866988564708576,2.5401066841420117,2.9227237920752565,3.327855794146112,3.747116443455317,4.171532485121383,4.592874901609762,5.004671514048508,5.4022524639667795,5.781412259639893,6.135892351858571,6.454726806829504,6.721121325984249,6.914366740217053,7.014956087971869,7.011029170605642,6.902939575458105,6.703491468681385,6.433935199624992,6.118140184770235,5.777756958304311,5.429812122849433,5.086510645581418,4.756168963996444,4.444268302879714,4.154115385864199,3.887069926854684,3.6425530388610556,3.4180996725988733,3.2096446816965774,3.0121094450784347,2.8202287450087056,2.6294551883897483,2.436728159126412,2.2409168820982766,2.0428400989217415,1.8448930093411633,1.6504215474453636,1.4630318375282683,1.2860000480550928,1.1218793970499057,0.972324296144613,0.8380952444526325,0.7191823379965293,0.6149852350028934,0.5245018136274874,0.44649613581190195,0.37963226780433673,0.3225715476151144,0.2740371228210539,0.2328522041806312,0.19795885177242523,0.16842332439688287
R16H,1,0.15621434926966882,0.1859329125326158,0.22148378397359222,0.2640177738659028,0.3149030719756625,0.37575969209994936,0.4484958006419171,0.5353439303501188,0.6388937000481656,0.7621156777240479,0.9083682622042274,1.0813757476028263,1.285160972952106,1.523910244626003,1.8017420986510504,2.122346375389644,2.4884589942069417,2.90114609594196,3.358897100228651,3.856579778440403,4.384398808696781,4.927115940702281,5.46389944018482,5.9691997409744655,6.414905814084733,6.773677568800666,7.0228589819370555,7.147989938646276,7.1449155972758485,7.019923435932029,6.788017675156427,6.4700110688894465,6.089319479045143,5.669179729275447,5.230660143604165,4.79150398724364,4.365651710892364,3.9632318726415123,3.5908383643829636,3.2519661318195925,2.947525865123586,2.6763902143999836,2.435941888273085,2.222602164569489,2.0323206594275187,1.8610066300954409,1.7048815416274836,1.560734915007998,1.4260723686831178,1.2991560238172606,1.1789506270242869,1.0650001706756222,0.957266168980135,0.8559585899957354,0.7613845189686332,0.6738303520150397,0.5934835693558567,0.5203921805373644,0.4544548929296,0.3954329565120941,0.34297480941391584
R16L,1,0.8761136693168644,1.009755375223949,1.160038417535326,1.3279420413017746,1.5142313218387673,1.7193997424411676,1.9436134388067794,2.186653552209682,2.447847700991946,2.7259767323129034,3.0191418474592946,3.3245836660201196,3.638461565917408,3.95562834831172,4.2694665391437905,4.571877388810404,4.853516933624484,5.104341711444695,5.31445582024154,5.475154671458286,5.579972108458296,5.6254978889883525,5.611769266236321,5.542147106141243,5.422722663286374,5.261412400780627,5.066948470162444,4.847956982566755,4.612256171338821,4.366431737942647,4.115680999975426,3.863873375311883,3.6137544301634383,3.367219919855371,3.125598035060845,2.889895699362637,2.6609832678359866,2.4397084414690795,2.2269432764100596,2.0235772899172533,1.8304746856279976,1.6484148025018865,1.4780326402184458,1.3197717950772447,1.1738566817877598,1.040285771850311,0.9188436323380862,0.8091271812447887,0.7105807163745302,0.6225345653719581,0.5442431849486686,0.4749197886812097,0.41376580106113287,0.35999444663419783,0.3128485209528584,0.2716128611148426,0.23562228286471698,0.2042658367324828,0.1769882131429578,0.15328904152296574,0.13272071472937852
R17H,1,0.42774593463908067,0.4971826412055327,0.5774951633311971,0.6701106951908853,0.7765302272295584,0.8982843787648643,1.0368679501349718,1.1936492796586213,1.369751988147607,1.5659097912333098,1.7823002267742216,2.0183705560213534,2.272678250680336,2.5427777418463995,2.8251914022578397,3.11550170948131,3.408588642208933,3.699008956749858,3.9814740041575196,4.251338530584677,4.504978647523945,4.739929166767151,4.954681529515301,5.1481178993391286,5.31866773448129,5.463400213381808,5.577372095512841,5.653579422665546,5.6837505525360825,5.659943260958567,5.5765440035711356,5.431997731946646,5.229620193403177,4.977204559926175,4.685639657334322,4.367110063018058,4.033475271132033,3.695186721651731,3.3607971530135403,3.0369131319264087,2.728385361137912,2.43857578395897,2.169615569287016,1.922627457275182,1.6979159610120504,1.4951360340773796,1.3134469884452797,1.151652739661656,1.008326023181282,0.88191364380885,0.7708210674565482,0.673476509725247,0.588376284544193,0.5141141916338157,0.44939812365082704,0.39305700618684747,0.3440408294715217,0.30141604713650527,0.26435811457251585,0.23214248124923462,0.20413496706371304
R17L,1,0.5982459678175234,0.731139450034004,0.8915683779096137,1.0841369347899958,1.313658150622505,1.5848675695064667,1.9019982334396974,2.2682133743091595,2.684930623710707,3.1511273309935497,3.662778917834051,4.2126214488011176,4.790401212342022,5.383639771567811,5.978709670316457,6.561770929883059,7.119020704286403,7.635915802025117,8.095585228347721,8.477395081141117,8.757157733303089,8.910241596595037,8.917498800163738,8.771939286702775,8.482851083172928,8.074937382750893,7.5827043113974035,7.042778023186441,6.487312209670355,5.9403030726400035,5.416881155973327,4.924615573929408,4.46569651560284,4.039157645956772,3.6426781323918833,3.2737960448335266,2.9305503970865865,2.6116718048312864,2.3164823817699434,2.0446592267176356,1.7959794420212574,1.5701169420302081,1.3665182409197312,1.184354614947322,1.0225327834311013,0.8797422162632973,0.7545196807632666,0.6453167698239399,0.5505614577234339,0.46870906708437327,0.3982811014097932,0.33789232378075007,0.2862675105095577,0.24224975125127832,0.2048022282868412,0.17300525229572222,0.14605007252066543,0.12323068766678724,0.10393460254426962,0.08763322648219742,0.07387240186482254
R18H,1,0.11379853853875711,0.12963180445851033,0.14796925239634856,0.169256961602793,0.19402683422348171,0.22291310801714065,0.25667152746660576,0.29620122829793927,0.342569118850674,0.39703607233157623,0.4610834779944831,0.5364375055418642,0.6250866553179544,0.7292856292769725,0.8515351466061837,0.9945230985769186,1.1610078406477244,1.3536206493050855,1.5745637976067723,1.8251872108007867,2.1054454104595752,2.413272248394624,2.743964340169679,3.089725463459498,3.4395684354905374,3.7797603151143617,4.0948985759155,4.369524006348233,4.5899735229409435,4.746056464363104,4.8321787876128015,4.84772573687925,4.796740018226334,4.687085180814739,4.529321854029192,4.335487415927734,4.117919435431651,3.8882298697716267,3.656513392681979,3.43084249974729,3.217060026429494,3.018836273114454,2.837925864112958,2.674545349961703,2.5277951671468317,2.396063359419104,2.277367569825723,2.169612000434169,2.0707547114135716,1.9788960331292489,1.8923095148559663,1.8094415890365845,1.7289046399915888,1.6494812838065076,1.5701474780978375,1.4901114634373156,1.4088573836487586,1.326178801062898,1.2421888308183828,1.1572992893658467,1.072168924999569
R18L,1,0.2953967940613033,0.3448070066644806,0.40194057893694957,0.46778457762985387,0.5433727553659691,0.6297587720441471,0.7279791349517226,0.8390051635926097,0.9636842871337136,1.1026723262072158,1.256359910430556,1.424797484162122,1.6076239870024682,1.8040038598348591,2.012575495332859,2.2314123063260327,2.457996722439325,2.6892095047524927,2.9213428338266394,3.150154310474427,3.3709855138371276,3.578965808437032,3.7693036479112,3.937634378756758,4.080356736056433,4.19486948010905,4.27963326105369,4.334034778402026,4.358102996626459,4.352187297991747,4.316723653503891,4.252176343105221,4.159166449514046,4.038720283775606,3.8925265612052615,3.723096977815367,3.533771438452777,3.3285695401913653,3.111936280756944,2.888447978695144,2.662536385204909,2.438267299929385,2.219187515671509,2.0082379815783535,1.8077230048881336,1.6193229477093385,1.4441384047088766,1.2827553275131822,1.135322142652782,1.001631425902544,0.8812002068942915,0.7733445142405505,0.6772452746552868,0.5920040435113992,0.5166881725171676,0.4503658603291029,0.3921320815326565,0.341126684087847,0.2965460407523411,0.25764959621176087,0.2237625226177361
R21H,1,0.2773457202296229,0.3097030362387995,0.3462034157947369,0.3873877803593765,0.4338580050975839,0.4862790888882491,0.5453794148907292,0.6119482562019073,0.6868294974305795,0.7709103764122023,0.8651039387214208,0.970323895753106,1.0874507553483455,1.2172885308515344,1.360512098621693,1.5176063914765303,1.6888000241107664,1.8739974456107564,2.072714933711222,2.2840261719851216,2.506522255118539,2.738288454401952,2.976896224506718,3.2194048883479875,3.4623652379160754,3.701819404528987,3.9332996348657017,4.151842841847419,4.3520543397980544,4.52826551045098,4.674826356522031,4.7865467679918074,4.859249679493546,4.890338561414207,4.879237284370929,4.82756088499643,4.738933914916116,4.618472950409207,4.472051351984929,4.305524879928301,4.124094834758328,3.931929224824673,3.7320800259698483,3.526656166910126,3.3171580002568604,3.104857954691295,2.8911225628388735,2.6776054433392327,2.466286980282219,2.2593803897161946,2.059153689726963,1.8677269653711202,1.6868959528816823,1.518013623544248,1.361939908112668,1.219052633635045,1.0893030821200782,0.9722969626319737,0.8673838360266708,0.7737426173972938,0.6904557270861349
R21L,1,0.30706690674626713,0.35494995113204714,0.4105573255470365,0.47507865867358534,0.5498453964482182,0.6363281956290019,0.7361237790224706,0.8509263934595379,0.9824776971992327,1.1324876304100147,1.3025179374254805,1.493820117218747,1.7071216140857097,1.9423592882759602,2.1983690296298724,2.472555799247828,2.7605889891774704,3.0561905299143692,3.3511003388879703,3.635304324952985,3.897582462442519,4.126372898504075,4.31086158505172,4.442122457518353,4.514088000300887,4.524152605561689,4.47330092374739,4.365775978229053,4.2084065827797925,4.009763172844501,3.7793004259798106,3.526597067997078,3.2607489584986267,2.989931019042502,2.7211207917869293,2.459965586501744,2.210769505203442,1.9765729173211875,1.7592951972142608,1.5599126036487838,1.3786471541150673,1.2151482603240336,1.06865533479158,0.938135351957425,0.8223937811038182,0.7201602510732177,0.6301519464026338,0.551118402973891,0.48187140697760156,0.42130337981143984,0.3683971484875846,0.322229478815184,0.28197025536449705,0.24687876013882698,0.21629814123859203,0.18964887189625895,0.16642177167907615,0.14617098591473274,0.1285071869061824,0.11309116251585047,0.09962788668257103
R22H,1,0.27095078019073654,0.31909935943357626,0.3757926522129762,0.44248848449272715,0.5208569762120535,0.6127923613357866,0.720414495294994,0.8460529156235042,0.9922032395197937,1.1614418765190193,1.356280873038834,1.5789412248375325,1.8310223733938094,2.1130516604635785,2.423915813357815,2.7602132282597784,3.1156239859123334,3.4804671441356545,3.8416762301344507,4.183426983290211,4.488543446920282,4.740571574223807,4.9261083720471,5.036761507924586,5.070148558514761,5.029662610010309,4.923182308849569,4.761245962506932,4.555279282245396,4.316285548715047,4.054126544239245,3.7772965295954544,3.492990965501913,3.207282502850079,2.92528466262666,2.6512572731862862,2.388658632556295,2.140171470718365,1.9077302444764856,1.6925670228785177,1.4952811076534038,1.3159284814622414,1.154122585584981,1.0091371129310749,0.8800030218354193,0.7655944685153915,0.6647008797141646,0.5760844478269797,0.4985237687153429,0.43084519369718766,0.3719438548651505,0.3207963878995821,0.2764672430381395,0.23811023768220307,0.20496672855386117,0.17636150812677526,0.15169728182848535,0.13044836947989272,0.1121540990740032,0.09641222133040177,0.08287256531652523
R22L,1,0.2972178947534386,0.3569511246028198,0.42885582044777637,0.5153719959305472,0.6193798160951293,0.7442464515659003,0.8938572599912307,1.0726157969804238,1.2853897125197675,1.5373707186027865,1.83380810794961,2.1795704456147975,2.578495692906049,3.0325156927563865,3.5405962999085716,4.097621779600906,4.693454512271839,5.3124732899515745,5.93387165254641,6.532841421142143,7.0825173759430236,7.556351819685101,7.9305572398862205,8.186390122594705,8.312166039556729,8.304824911917766,8.170665558849606,7.924803760911857,7.589170125493068,7.189357455742252,6.751049094476132,6.2968664090488184,5.844253068829994,5.404636653242054,4.983765105102467,4.582902992576749,4.200487680237974,3.8338461459664956,3.480630390597823,3.1397365384878806,2.8116214738168495,2.4980893354857248,2.201739199761848,1.9253071868437295,1.6710989578689672,1.440623920747969,1.234453392929975,1.05226221685784,0.8929862364002923,0.7550295048202014,0.6364717786214079,0.5352471243294546,0.4492815130577743,0.3765887235057759,0.31533005403123404,0.2638456889598314,0.22066559462377477,0.18450671745547,0.15426177999483587,0.1289835361323337,0.10786713732170773
R23H,1,0.2916014109347413,0.3252351448615518,0.3632210660496076,0.40615081039721407,0.4546893154879998,0.5095795707028988,0.5716458252369536,0.6417943796839977,0.7210108481652622,0.8103525258246258,0.9109342569459432,1.023906012201718,1.1504203041773449,1.2915876625341,1.4484187155701962,1.621752021135844,1.8121676425995592,2.019887484917417,2.2446644282646595,2.4856631430182694,2.741336082788308,3.0092987975680465,3.2862101482500563,3.5676664502879323,3.848125216853338,4.120884183004307,4.3781526068229635,4.611259451419551,4.811039751641486,4.968419559068493,5.075179108100697,5.124818949158721,5.11339925334409,5.040188701558412,4.907965880270579,4.722872308717157,4.493812950688445,4.231508160434668,3.9473816871673497,3.6524931955640287,3.3566863106146005,3.0680458254881735,2.792673644979702,2.5347297071298422,2.2966532109448416,2.0794777561467073,1.8831704712459731,1.7069483261581824,1.5495465290476185,1.4094303467232603,1.284952164935366,1.1744610920083058,1.07637440816527,0.989220067071443,0.9116583082300014,0.8424889134543234,0.7806491197583623,0.7252058676124737,0.6753449801683176,0.6303590336729882,0.5896350603012646
R23L,1,0.29350324672891104,0.3411081507459989,0.39703888774558543,0.4628077534622815,0.5401904111609368,0.6312585622387401,0.738407725831669,0.8643732349129816,1.0122236900366668,1.1853159401892457,1.3871893422221815,1.6213704574040162,1.8910546714777055,2.198632732169372,2.5450446701753178,2.9289795421318843,3.346003616921413,3.7877891284719913,4.241707200929618,4.691091510725403,5.116407431109,5.497333639576038,5.815420672843773,6.056681213981564,6.213380370390717,6.284528360779676,6.275039380347653,6.1939707904763335,6.052477885404859,5.8620511489702585,5.633347563439173,5.375648242798372,5.096789323480828,4.803353300748803,4.500940459879746,4.1944103032843385,3.8880486896849002,3.5856590501283363,3.2905954371563215,3.0057594937433953,2.7335809992201336,2.475997396124482,2.234443374602472,2.009857366539465,1.8027076527465646,1.6130370074379343,1.4405218892054794,1.284540512402202,1.1442437578675104,1.0186235612224406,0.9065747367066523,0.806947731910223,0.7185912393604286,0.6403847272379598,0.5712617295749969,0.5102251778629113,0.4563562278103061,0.4088180170700067,0.36685565584698915,0.3297935607969053,0.29703103461458913
R24H,1,0.3296193732844417,0.3769587424444697,0.4318035610796458,0.4953979276431397,0.5691788313971015,0.6547943965319555,0.7541170095591456,0.8692467127490153,1.0024981477161057,1.156361694080241,1.3334264066088277,1.5362493497852308,1.7671539121696056,2.027940359981754,2.319497886447375,2.6413221131199336,2.99096862018655,3.363512514250706,3.751131309683138,4.142968852388178,4.525446446631237,4.883134963856306,5.200173885848395,5.462042163575331,5.657319812176843,5.779018356331056,5.825157995245474,5.798500806198454,5.705605185939256,5.555528773099712,5.35852144517974,5.124948781199995,4.864547316477542,4.586001816941227,4.2967765890400145,4.003118616599796,3.7101595623320476,3.4220604967311585,3.1421603898940966,2.8731050745136617,2.616947045681797,2.375217174986274,2.1489761238090708,1.9388556055658146,1.7450984120149633,1.5676027899957603,1.4059729558939487,1.2595744675491134,1.1275913961297692,1.0090817473366929,0.9030280303290863,0.8083808228258249,0.7240942516867861,0.6491532496945837,0.5825931422597278,0.523512541632395,0.4710807176608969,0.4245406335048467,0.38320874367916835,0.346472501982354,0.3137863559806349
R24L,1,0.2143457023132901,0.2573981126703232,0.3092001996234699,0.37148419877734007,0.44627932162156303,0.5359327463745956,0.6431123622203027,0.7707769981650299,0.9220936919024212,1.1002747203906615,1.3083015268396019,1.5485023459836489,1.8219620762675242,2.1277760064737024,2.462221638398022,2.818013983609045,3.183906104197874,3.5449435132224862,3.883603736812183,4.181805436488801,4.423409610482469,4.596538523369958,4.695018786654811,4.7185806576347,4.671942215910102,4.563278064162564,4.4026352208916055,4.2006642515141595,3.967770520855238,3.713614379103019,3.4468383954829553,3.174927603283444,2.9041540011813876,2.6395856228637014,2.385149268275403,2.143734136388595,1.9173206803224145,1.7071192800148018,1.513706629974388,1.337152179591087,1.1771308884405944,1.0330212323309063,0.9039888429365168,0.789056763821345,0.6871634657542989,0.5972097678350989,0.5180957978300766,0.448749133404205,0.3881452838884019,0.3353216757557834,0.2893862767357198,0.24952192813885143,0.214987357182294,0.18511572116862768,0.15931140505516844,0.13704566377448535,0.11785157856657691,0.10131868761277454,0.08708755791424723,0.07484448815975861,0.06431647046412016
R25H,1,0.23499747473948562,0.26367198054166435,0.29662115535682054,0.3345833313136859,0.378429917756901,0.4291860255281398,0.4880517167827637,0.5564221519307357,0.6359037246532288,0.7283215846116586,0.8357116404129994,0.9602871844289875,1.1043668507143034,1.2702472560145572,1.4600015844536889,1.6751867132462392,1.916449496195514,2.183041517170927,2.4722842778850147,2.7790729047167524,3.0955573586150957,3.411175223110926,3.713198618185269,3.987870971905095,4.222043890761896,4.405023881356434,4.530191575525186,4.595954057452942,4.605765644456605,4.567239726569303,4.490643404085799,4.387200790014755,4.267594896479189,4.140904908913936,4.014037020621815,3.891575551301875,3.7759232335601043,3.667602831752167,3.5656279520575236,3.4678928300535588,3.3715630498541196,3.2734652089060092,3.170473641174993,3.0598807930994005,2.9397221110077534,2.809015348939854,2.667875761778199,2.5174854986378055,2.3599233960918267,2.1978904365783647,2.034385685089458,1.8723912493304278,1.7146133493200757,1.5633061019349892,1.420183054973925,1.2864049422865103,1.1626231757296352,1.0490567006095513,0.945582756766175,0.8518272496112556,0.7672458609816009
R25L,1,0.18186110349804152,0.2114704846759055,0.24615484320056588,0.286796257710707,0.3344199612078513,0.3902106124067725,0.45552665092462125,0.5319102905299504,0.6210895325060903,0.7249670659824682,0.8455890847791281,0.9850850326657508,1.1455674509175253,1.3289801505094045,1.5368840512206061,1.7701749364812924,2.028738120833181,2.3110633325314893,2.613868952618963,2.931814275943368,3.2574020089628712,3.5811753052599737,3.8922774701619955,4.179360245436497,4.431712220535667,4.640373635633296,4.798963894021903,4.90401362055015,4.9547551521153235,4.952517948149666,4.900006071947933,4.800737725854236,4.658802863336319,4.478912438435053,4.2665677483634905,4.028139274634592,3.7707166284153755,3.501720288983236,3.2283772729485225,2.957207551405824,2.6936429270234132,2.4418363983571876,2.204655707631945,1.9838135763908766,1.7800738821850208,1.5934801382510493,1.423569136606551,1.269549901656851,1.1304416395797654,1.005172936322136,0.8926486936786807,0.7917925018575744,0.7015716025320111,0.6210102635544286,0.54919588004321,0.48528076484051264,0.4284815262160219,0.37807716746798503,0.3334065394229423,0.2938654705717769,0.25890372974062403
R26H,1,0.15262907386022428,0.183396250919712,0.22026778996824548,0.26439158340369395,0.31709939237250134,0.3799210515618465,0.45459197587397127,0.5430493178698481,0.6474104903464075,0.7699259824859341,0.9128967401803012,1.0785453686086757,1.2688308733636031,1.4851997371404309,1.7282732008556623,1.9974829319647327,2.29068530895496,2.6038071125002085,2.930598510287865,3.262585415685317,3.5893121187434764,3.8989354774247063,4.179167387554622,4.418467923676944,4.607290625465196,4.739114226513255,4.811005346443798,4.823565689578851,4.780300862735236,4.686635457642629,4.54890472122455,4.373623621067262,4.167181989582392,3.935914302200118,3.686341078471852,3.4253417767968495,3.1600977666404684,2.8977809821977005,2.6450827515714144,2.4077281026171677,2.190100439269011,1.9950412710690268,1.8238278545757032,1.6762920894593851,1.5510315093902163,1.4456697681205894,1.3571381086570034,1.2819618052252317,1.2165419024033524,1.157422376242267,1.1015286855731903,1.0463595445378502,0.9901133725686531,0.9317362855083927,0.8708891086057369,0.8078437645704653,0.7433304819480075,0.678363237716017,0.614070377520619,0.5515514271024846,0.49177222773127055
R26L,1,0.4186337713533027,0.507681825932514,0.6162658209771456,0.7486604172188205,0.9099878144318058,1.1063170604683394,1.3447285532475337,1.6333080096728407,1.9810179544867468,2.3973770851321468,2.8918630760450696,3.47294989479854,4.146705935194439,4.91492289790633,5.772823503614541,6.706518805471456,7.690584223301401,8.686449503814993,9.642733064966164,10.498899433667324,11.193033558237476,11.672659797971534,11.905176754780594,11.883699569156102,11.626186870955674,11.169216850714188,10.559783831884815,9.847922766396012,9.081229004909456,8.301142434794901,7.540623692021181,6.823036192993007,6.162161880723199,5.563218064449423,5.02462367788735,4.540188136496544,4.101383413995338,3.699387936134518,3.32664777942711,2.977793685365858,2.649882803179521,2.3420754091683262,2.054962152637352,1.7897893461364154,1.5477858227356422,1.329705933358431,1.1356115832051534,0.9648519838414896,0.8161719703022119,0.6878809098052603,0.5780308982453505,0.4845733492532879,0.4054803367097811,0.3388287295906798,0.28285156532811684,0.23596365924468726,0.19676865733513677,0.1640537867478789,0.13677720436011762,0.11405150706700325,0.095125834446106
R27H,1,0.24925316544460402,0.27920408916441664,0.3136388056116912,0.3533463613515235,0.3992612281473169,0.4524865073427895,0.5143181271289882,0.5862682754128261,0.6700850753879113,0.7677637340240822,0.8815419586375218,1.0138693008775999,1.167336399543303,1.3445463876971229,1.5479082014021923,1.779332342905553,2.0398171146843067,2.328931556477588,2.6442337724384526,2.9807098757499,3.3303711862848653,3.6821855662770204,4.022512541928608,4.33613253384504,4.607803869699158,4.824088659831753,4.975044547482448,5.055370667025073,5.064751056300037,5.007393775186816,4.890996155664465,4.725472971181667,4.521744470329733,4.2907550490581405,4.042765616521464,3.7868869750226026,3.530802269332434,3.280638041777628,3.0409582872399445,2.814861145689287,2.604154525710393,2.4095818095695094,2.2310672601848465,2.0679543333191166,1.919217321695735,1.7836351503952663,1.6599236701852988,1.546828381456755,1.443182944857226,1.3479403935854304,1.260184160297861,1.1791253759676137,1.1040918046036634,1.0345125454621842,0.9699014550912584,0.9098412221057888,0.8539692133679193,0.8019656055900513,0.7535439009078218,0.70844366588695,0.6664251941967305
R27L,1,0.20873069801780414,0.2399837946233843,0.2760110569756917,0.31749838848614176,0.36520182311497384,0.4199411587249693,0.48258607366405515,0.5540317540735334,0.6351604998432496,0.7267854465001102,0.8295727297341211,0.9439395491454388,1.0699281824340114,1.207060577768414,1.3541849749753405,1.509334687985457,1.6696282029115035,1.8312461426284354,1.9895202812478354,2.1391586488071264,2.2746073066293206,2.3905170103359303,2.482250862279204,2.546349442595379,2.580872339781833,2.585560473324093,2.561803069081759,2.512432167222266,2.4413940400349845,2.3533565487365324,2.2533074389673797,2.1461871734967133,2.036586290007029,1.9285239585472524,1.8253121926378655,1.7294995735563763,1.6428802269527691,1.566548986122193,1.5009825021446472,1.4461281263663288,1.4014868082672831,1.3661819911626132,1.3390126215721259,1.318494137550721,1.3028959439145478,1.2902866442487668,1.2785983729954173,1.2657183353223254,1.2496090878854225,1.228450161425323,1.200784483083926,1.1656466238309293,1.1226488823808922,1.0720068686970214,1.0144975044351532,0.951355986135134,0.8841300883659267,0.8145168178215831,0.7442065314443438,0.6747541808686766,0.6074888564742037
R28H,1,0.23796272765562138,0.2680580283795778,0.3018981102080121,0.3399030627931548,0.3825223919503238,0.43023071956989534,0.48352074871470513,0.5428927267336359,0.6088395420029323,0.6818265299966443,0.762265074332948,0.8504792132025139,0.9466647599879338,1.0508409911373877,1.1627958253402844,1.2820266925020163,1.4076810147897243,1.5385023626597165,1.6727907235789332,1.8083875090651778,1.942697196848716,2.0727568381711983,2.1953609448865787,2.3072417643549326,2.4052939348523044,2.486819882444133,2.5497616166598633,2.5928800981935636,2.615848329415072,2.61923903924357,2.6044087896907633,2.573301278283688,2.528207163760956,2.471522094782187,2.405538862529504,2.3322970713941187,2.2534990887276765,2.170488292907729,2.0842770235217554,1.9956075751549849,1.9050292960216852,1.8129771184507741,1.7198404746283675,1.6260156244822126,1.5319383167093523,1.4380970143792267,1.345029400944965,1.2533064317539446,1.1635088250618355,1.0762007215051919,0.9919044911894166,0.9110795811506536,0.8341071123442504,0.7612808467430572,0.6928042758726263,0.6287929864051813,0.5692811326339411,0.5142307475735513,0.46354269334666703,0.417068224337969,0.3746203584835572
R28L,1,0.33576157891315417,0.4081288140000173,0.49661020015283913,0.6047726200656134,0.7368873199582395,0.8980033552770348,1.0939836554766058,1.331469210857447,1.6177219338694004,1.9602810869200216,2.3663564949350615,2.8418817951673914,3.3901723185559143,4.010183211623646,4.694448842103991,5.426911009479595,6.181035815227435,6.918919727085905,7.592465149231938,8.147863449013983,8.533925792776921,8.71284650165639,8.669638301549185,8.415890104196098,7.985963047309047,7.427670002958986,6.791753493926815,6.123783256998315,5.459829400271627,4.825399358155668,4.236412993028004,3.701097387227632,3.222062813074592,2.79816703407107,2.426007841060286,2.1010192803083916,1.8182164140797779,1.5726610701828243,1.3597240188036746,1.1752093264690644,1.015392217803266,0.8770073060135082,0.7572117958120207,0.653538923114031,0.5638503306209739,0.4862917804455609,0.419253988105255,0.36133890038785454,0.3113310177903215,0.2681730807408424,0.23094539635966238,0.19884815306268466,0.17118618083430082,0.1473557272535316,0.12683291635205124,0.10916363405934122,0.09395464127793887,0.08086575690518344,0.06960298227952899,0.05991245909442815,0.05157516758851843
RC1,total,0.32841115717563163,0.37363398085425514,0.4254103897049502,0.4846733234774976,0.55246564284092,0.6299428377239205,0.718371383099367,0.8191209835885342,0.9336486820674248,1.0634726617897186,1.2101336412265118,1.37514214605401,1.5599107112981463,1.76567118702039,1.9933785672711153,2.2436036147445524,2.516416159135586,2.811258257574301,3.1268006679078013,3.4607678445588475,3.8097092696309725,4.168696049085969,4.53094345825662,4.887415241056215,5.226556526027125,5.534404255802878,5.795370818962564,5.993894780546842,6.1168468255695,6.156147117500598,6.1107340168431605,5.987094625711376,5.7980802423556375,5.560412027500319,5.291725786178277,5.007996122862092,4.721832981234476,4.441737849219182,4.172149853111858,3.9140393285352353,3.665839268695337,3.424550498474492,3.1868690416248944,2.9501733899749585,2.713213710787152,2.4763958510178976,2.241648860445759,2.011970471172917,1.7908151881352865,1.5814983553984487,1.386743410943185,1.2084281881838266,1.047521435386793,0.9041612518773439,0.7778151048985888,0.6674683990565567,0.5718046196598308,0.4893567329446332,0.41862256603665804,0.3581452088333701,0.30656372265384646
RC2,total,0.2999839540820784,0.33717384176299925,0.3793910506613156,0.4273425133815523,0.48182566423023676,0.5437341933345912,0.6140614954613735,0.6939005058062596,0.7844382614716141,0.8869431657335966,1.0027426079473152,1.133188367170212,1.2796071703651346,1.4432339330598087,1.6251255571756662,1.8260535327936567,2.0463736217213904,2.285870043471178,2.5435693540348403,2.8175158467734134,3.104498000238653,3.3997199125195405,3.696432605195784,3.9855887405569455,4.255663693836362,4.4928741313513285,4.68206101707061,4.808398942796444,4.859795153109975,4.829426491027428,4.717568059923523,4.531958483861568,4.286472375186019,3.9985539298192654,3.6862961496730344,3.36601519984223,3.0507865800875025,2.7499669555320603,2.4694409360239717,2.2122544566346036,1.97935726782748,1.7702850859038313,1.5837075174595796,1.4178298072986402,1.27066716278206,1.1402203480764597,1.0245803398194462,0.9219847151885386,0.8308426319158242,0.7497402387997212,0.6774345133391013,0.6128407738205357,0.5550172226348214,0.5031486089296099,0.45653026066764824,0.4145531892278705,0.37669061728135245,0.3424860576953674,0.31154293422803864,0.28351565479154006,0.25810200563000035
RC3,total,0.2028788134067726,0.23019943235929913,0.26122527820849384,0.2964280785912762,0.3363243229695989,0.38147351109932315,0.43247365890315376,0.4899531021878647,0.554557476396409,0.6269306344777488,0.707688249066732,0.7973830053261401,0.8964607226175119,1.005207550569722,1.1236896536641867,1.2516885485882445,1.388637379749026,1.5335655976300668,1.6850611841971355,1.84125998660751,1.999870089268201,2.1582350092798457,2.3134331238872874,2.462403462595916,2.6020820849772095,2.729531179842822,2.842046210570326,2.93723422405697,3.0130658521829035,3.0679104480819124,3.1005651295152337,3.1102840856553353,3.096807354595487,3.060382774912348,3.0017738833681755,2.922249790485776,2.823557337193709,2.7078776899407524,2.57776792535726,2.436085127034515,2.2858894814734576,2.1303259354578907,1.9724904053272816,1.8152932287306078,1.6613361534651432,1.5128179597284157,1.3714784304646401,1.2385830468456214,1.114943995557929,1.000968538524004,0.8967240427575701,0.8020095713938163,0.7164260025702897,0.639439255985165,0.5704336898044313,0.508754711403948,0.45374100922867744,0.4047476086683467,0.361161307631671,0.32241009819095023,0.28796805203536
RC4,total,0.4468433332271011,0.5151156434972183,0.5931757630563327,0.6821786711187071,0.7833272419484869,0.8978410118393696,1.026912203747353,1.171647099567425,1.3329915554574345,1.5116407183802145,1.7079349088622544,1.9217461725382998,2.152362995055012,2.398383734160287,2.657631850582421,2.927107283713954,3.2029876234467194,3.480689647707698,3.7549963833927738,4.020247750406372,4.270585202148291,4.500233920092698,4.703801196832788,4.876567262682721,5.014744971369481,5.115687078336274,5.1780239717827765,5.201720548372466,5.188048295036602,5.139476629895651,5.059494173882144,4.952373558890136,4.822891743709171,4.676013659462651,4.516545167360083,4.348767100119567,4.17607799777077,4.000695816991506,3.823488844324921,3.6440095727435606,3.4607798356000954,3.27181738271073,3.075315909778822,2.8703219883512343,2.65722910543234,2.4379520593241875,2.2157430708369326,1.9947225589033661,1.7792739088690461,1.5734653864480295,1.3806199797599183,1.2030852014382356,1.042191901228986,0.8983527396807718,0.771239586800995,0.659986791481378,0.5633835180219144,0.4800351030528834,0.40848645838300096,0.3473088611989629,0.2951556933149179
RC5,total,0.4184161301335479,0.4786555044059624,0.5471564240126982,0.6248478610227619,0.7126872633378036,0.8116323674500403,0.9226023161093593,1.0464266217851506,1.1837811348616238,1.3351112223240924,1.5005438755830576,1.6797923936545016,1.8720594541220001,2.075946480199706,2.2893788404869717,2.5095572017630583,2.7329450860325233,2.955301433604575,3.171765069519812,3.3769957526209375,3.5653739327559713,3.7312577835262695,3.8692903437719517,3.974740762183451,4.043852139178718,4.0741569538847235,4.064714169890824,4.016224710622067,3.9309966225770774,3.812756003422481,3.6663282169625067,3.4972374170403286,3.3112838765395516,3.114155561781597,2.9111155308548406,2.7067861770997044,2.5050315966237973,2.3089249233043834,2.120779927237035,1.942224700842929,1.7742978347322382,1.6175519701400698,1.4721543856135069,1.337978405674916,1.214682557427248,1.1017765563827497,0.9986745502106196,0.9047368029189878,0.8193013526495838,0.741707269849302,0.6713110821558346,0.6074977870749445,0.5496876884770145,0.49734009673303786,0.4499547425700544,0.40707158165269175,0.368269515643436,0.33316442780361755,0.3014068265743815,0.2726793071571329,0.24669397629107181
RC6,total,0.23130601650032584,0.2666595714505551,0.3072446172521284,0.3537588886872214,0.4069643015802822,0.46768215548865255,0.5367835465411475,0.6151735799701393,0.7037678969922196,0.8034601305338709,0.9150792823459288,1.0393367842099381,1.1767642635505235,1.3276448045303033,1.4919426637596358,1.6692386305391405,1.8586799171632218,2.0589538117331903,2.268292498070097,2.4845119843929444,2.7050813586605207,2.927211145846274,3.1479439769481234,3.3642299630951853,3.572974917167973,3.771061304294372,3.9553560124622797,4.122730061807369,4.270117524642428,4.3946310745550825,4.49373108643487,4.565420227505143,4.608415221765106,4.622240872593402,4.607203519873417,4.564230713505639,4.4946037383406825,4.399648583627874,4.280476842445146,4.137869998935146,3.9723714823413148,3.7845913480285516,3.5756519294925964,3.347636811406926,3.1038827014702353,2.8489934626698536,2.5885469510909527,2.3285688028299996,2.0749165517773913,1.8327266551227315,1.6060329403616538,1.3975969857571073,1.2089302153222612,1.040451898932899,0.8917185340353719,0.7616699212326342,0.6488550116071559,0.5516182839176125,0.46824093944029044,0.39703965223278026,0.33642976905920613
RC7,total,0.2988820591939488,0.3374398123384541,0.3812632184420692,0.43108230489848315,0.48772011858549547,0.5521002514487865,0.6252532190527671,0.7083208674644804,0.8025577336947747,0.9093279951711455,1.0300963138726225,1.1664105044262576,1.3198735092722427,1.4921015889027145,1.6846648111290563,1.899004647082625,2.1363214767860805,2.397421830150089,2.6825113420569067,2.9909157886275204,3.3207123750900553,3.6682631090979188,4.0276715132631296,4.390243223860326,4.744120822440275,5.074358333533366,5.3637367566018685,5.594508631682331,5.750944888277408,5.822121225189553,5.804066509104615,5.700472559669802,5.521686569590001,5.282398482702922,4.998883018761466,4.686641045319314,4.358918619438219,4.026147422282802,3.6960653779731274,3.3741932867370314,3.064399073495465,2.769387979430514,2.4910551604227074,2.2307028636918744,1.989156709596686,1.7668232339775574,1.5637240780760457,1.379529691154169,1.2136029941268858,1.065054202577374,0.9328027574859246,0.8156404978139213,0.712290676200346,0.6214590050320463,0.5418747548571932,0.47232150348186996,0.411658247251081,0.35883222714424895,0.3128850805160066,0.2729539227858786,0.23826880092026942
RC8,total,0.5144193759207241,0.5858958843851173,0.6671943642462734,0.7595020873299689,0.8640830589537003,0.9822591077995035,1.1153818762589727,1.2647943870617664,1.4317813921599896,1.6175085830174891,1.8229519403889483,2.0488198927546195,2.295472240776731,2.562840518532698,2.8503539979518413,3.1568733002574385,3.4806291830695777,3.819157666124597,4.169215227379583,4.526651554640948,4.886216218577825,5.241285883344343,5.583528733147794,5.902580523447861,6.185890876641782,6.418984107575268,6.586404715922367,6.673499118247429,6.668875658671582,6.566966780530123,6.369829596551888,6.087425891054796,5.736163091534065,5.336171269572171,4.908224666248132,4.471177431933244,4.040392878868307,3.6271946556464334,3.239077379852903,2.880332860545445,2.5528074267542458,2.256614014112693,1.9907191407089329,1.753388040636183,1.5425031135587908,1.3557818306318912,1.1909201978220252,1.0456834472275354,0.9179603512185407,0.8057929339026721,0.7073897968841891,0.6211287134950496,0.5455523621070709,0.47935984577991914,0.42139580762281625,0.3706383737306137,0.3261867536658396,0.2872490462795198,0.25313059945871713,0.2232231317520612,0.1969947251759812
R11H,total,0.3294222776810217,0.37756743345716837,0.43279440892472254,0.4960440813614284,0.568338368217977,0.6507705928021025,0.7444887147390842,0.8506698499281947,0.9704847962380152,1.105051977648722,1.2553814482803305,1.422311433990683,1.6064422866931807,1.8080754383881672,2.0271674646682794,2.26331095915019,2.5157537433152415,2.783465333969244,3.0652544140371285,3.359933847588419,3.666521613779995,3.9844578824379973,4.313810393140952,4.65543107258515,5.011014393437714,5.38299132763216,5.77417465688137,6.187061477801073,6.6227156495498525,7.0792237076545765,7.549869484854143,8.021409856505311,8.473100468844486,8.877266537862337,9.20202539941555,9.416109339415227,9.494766078192136,9.424943423290596,9.207970926038147,8.858873128259551,8.402782776610557,7.869900030702655,7.290622867156152,6.6919708591082046,6.095678748436452,5.517743330773349,4.968929229147757,4.455732103465936,3.9814325860210853,3.5470359233525786,3.1520189042384317,2.794881516498875,2.4735350010931514,2.185566376926765,1.9284154248543952,1.6994919277235603,1.4962528555500707,1.3162527170309168,1.157175691408784,1.01685510041024,0.8932838515639441
R11L,total,0.7853634319707699,0.8936481752364146,1.016406952686036,1.1552137363548962,1.311664340114024,1.4873175007560264,1.6836174770719474,1.9017984508602122,2.1427739259441,2.4070181602115137,2.694450813709464,3.004339116638689,3.3352318447682947,3.6849337147455437,4.050515591432793,4.4283357029367485,4.814025123251399,5.20237849548448,5.587104754487037,5.960448059591829,6.312789208498314,6.632457223798761,6.906056312656713,7.11955770994685,7.260161745174398,7.318554273395284,7.290856692425274,7.17954105882831,6.992942809045342,6.743573437302538,6.445876185248149,6.114148636223197,5.761109982887173,5.39723175053111,5.030680912149352,4.667619383084629,4.312628920676398,3.9691125327409904,3.639605790219224,3.3259883664698933,3.029615089855829,2.7513943343404357,2.491838720506867,2.2511057547192492,2.029038336482702,1.8252089641266187,1.6389675153673748,1.4694904677088267,1.315828841087253,1.1769524371975617,1.0517886555873983,0.9392549648930772,0.8382848118792693,0.7478472790369981,0.6669611400271585,0.5947041356523696,0.5302183409485505,0.47271245731543127,0.4214617773508137,0.3758064607537545,0.3351486455026889
R12H,total,0.2743803452873642,0.3140932849375351,0.35951160280311606,0.4114060730261763,0.4706311730094756,0.5381268879619725,0.614917761622356,0.7021081989853053,0.8008729070038658,0.9124413187261374,1.038074947936484,1.1790369462110206,1.336553775456935,1.511769954509735,1.7056983381196638,1.9191702994265234,2.1527923084409206,2.4069172827399274,2.6816399876196897,2.9768246528719606,3.292168686681218,3.6272979219561474,3.981875902851725,4.35569315157173,4.748684501291145,5.160807353044528,5.591706489399478,6.040098998571553,6.502846022467181,6.973750602110103,7.442247840147349,7.892335489990407,8.302284750393886,8.64575091109241,8.894694313523024,9.023917580335386,9.01618159196156,8.866253420772646,8.582373464526466,8.18458314938389,7.700607215523458,7.160805774198448,6.593730784722267,6.023219287695256,5.467194977788043,4.93780816266745,4.4423450960385615,3.9844015855106862,3.5649946087065842,3.183462607099613,2.8381263497600386,2.526743062477015,2.246804740301674,1.995727789702014,1.7709699666314922,1.5700995095181867,1.3908329906798973,1.2310528086043777,1.0888116676181485,0.9623290748442301,0.8499833017439226
R12L,total,0.510514060163607,0.5950916584191591,0.6932891519531774,0.8070668001936095,0.9385749030495891,1.090139774233042,1.2642364924028624,1.4634450340782506,1.6903859612998369,1.9476311875686958,2.23758429911756,2.5623233974906547,2.9233977833442055,3.321569148439705,3.756490533939829,4.226325352405503,4.727327206787293,5.253429256627969,5.795923834153914,6.343336094864383,6.881593292748024,7.394553425526158,7.864890232548419,8.275261614800396,8.609644951902848,8.85471352025337,9.00112920758692,9.044604952621071,8.986546193307538,8.834065005402593,8.599237568205176,8.2976564865529,7.946543405588272,7.562823349888168,7.16154921123999,6.754918472241716,6.351926374909391,5.958538286565927,5.57818592133038,5.212394765143812,4.861401475243517,4.524683930566348,4.201378156701682,3.8905859744920486,3.591587216122897,3.303968959187176,3.027680208615105,2.7630194989974006,2.5105663489906833,2.2710732471169033,2.0453394026856064,1.8340881979903652,1.6378664978288517,1.456977017593576,1.291447090307496,1.1410305049721734,1.0052348299908598,0.8833649908334312,0.7745743191034957,0.6779160041603391,0.592390069760101
R13H,total,0.5038489718005188,0.5808394550457896,0.6691385380469907,0.7702074336750558,0.8856236996390904,1.0170642817797162,1.1662768513450315,1.3350360328862252,1.52508065801255,1.7380278757963397,1.9752599739922938,2.237780388655075,2.5260370141607624,2.8397141415753087,3.17749983985369,3.5368439805858793,3.9137335561101505,4.302525475752077,4.695889716076704,5.084922160439184,5.459479427124343,5.808760778599914,6.122113099061328,6.389971723481747,6.604791334389482,6.7617918622548245,6.859363594258469,6.899045285160993,6.88508863863705,6.823717307631458,6.722245737514449,6.588227172536742,6.428757880045811,6.249999130591567,6.056916275833571,5.853194361951891,5.641278285089514,5.422496902415396,5.197251989109962,4.965270292414019,4.725919729091501,4.4785761017094,4.223000820996311,3.959666539311688,3.6899612218285114,3.4162202508011377,3.1415766199775046,2.8696658549152962,2.6042564569792597,2.348886460569645,2.106572007901401,1.8796244146104606,1.6695809335970133,1.4772310677224558,1.302708636560462,1.1456185779910126,1.0051728423697854,0.8803177365866276,0.7698428507919612,0.6724678001520749,0.586907067800625
R13L,total,0.48207470027281396,0.5622979502921237,0.655959261517918,0.7651734136721157,0.8923118065363513,1.0400019326557224,1.2111129176566588,1.4087223297690232,1.6360589821687166,1.8964161548234233,2.1930294370198036,2.5289129542607696,2.9066466913292954,3.3281057081762686,3.79411974651629,4.304051045020757,4.855283257166913,5.442631171631955,6.0577153156874495,6.688399316123167,7.318453740761468,7.927666440792796,8.492628478028479,8.988341113355267,9.390587544389092,9.678730508770059,9.838353832081683,9.86311049923799,9.755331242619654,9.525294296960674,9.18939450916133,8.767673479586314,8.281265195762632,7.7502753924489705,7.192439521934408,6.622629327261313,6.053009863147757,5.4935066283148615,4.9522693094949295,4.435960051145682,3.949851288140526,3.4978162706083933,3.082315517092575,2.704449228159419,2.364096672748345,2.0601255706141077,1.790636929430055,1.5532104994370264,1.345125163139434,1.1635401806684356,1.0056331103607918,0.8686969007858327,0.7502022106138538,0.6478322443050435,0.5594971765816595,0.48333428869255035,0.41769873332185004,0.36114865951347286,0.31242739765256544,0.270444571975409,0.23425737053439308
R14H,total,0.4229681492767383,0.4897426436908805,0.5668287988365273,0.6556309169821477,0.7576601821721175,0.8745076582718949,1.0078009419205496,1.1591409109498068,1.330015928743536,1.5216930084477995,1.7350892160986249,1.9706321968723948,2.2281258211794115,2.5066443440509554,2.804483743947437,3.119198571910082,3.447742988897868,3.7867134911026623,4.132659612431575,4.482394397447156,4.83321021180926,5.18290084651591,5.52951849440081,5.870857998019224,6.2037557110456145,6.523399598660275,6.822937225124091,7.093685261763486,7.326127417583499,7.511614191065229,7.644322542292407,7.722782355286027,7.750327829623376,7.7342266204607135,7.683780841186288,7.608074492104249,7.514077078459637,7.405556228425997,7.282902361835637,7.1437018346162855,6.983774130872589,6.798383855924218,6.583391509192732,6.336175995387772,6.056228984751296,5.745383307516996,5.407693674190848,5.049034363210286,4.67650959973109,4.297784422855233,3.9204371037700714,3.5514126025342874,3.19662636956712,2.860735854793105,2.547069434051851,2.2576832102960083,1.9935067986216775,1.7545387581813126,1.540058134640551,1.348827474175403,1.1792719803296359
R14L,total,0.8539610103921581,0.9808896504252087,1.1229136309312495,1.2808012775706707,1.4551468186143899,1.6463610326225526,1.8546872089695516,2.0802457319561856,2.3231047457072203,2.583366985701308,2.8612558037141533,3.157178935152188,3.4717484060273347,3.8057393896065728,4.159978182424165,4.535156995394601,4.931578498603398,5.348835350585247,5.785430970180499,6.238351146015292,6.702606266694135,7.170785610187265,7.6327014462008504,8.075249581429702,8.482659931520718,8.837322282817038,9.121300682259413,9.31846023875418,9.41684928258135,9.410728264642458,9.30158927806338,9.097772275937416,8.812773050061843,8.462800313402822,8.064326652150468,7.632230125597687,7.178786386573399,6.71345660538471,6.243246437965779,5.773377967996252,5.3080476592442665,4.851085322134155,4.406376853830324,3.977983299071056,3.5699789639569284,3.186112533435414,2.82943301301799,2.502004881875486,2.204781212507844,1.937640682017248,1.69954932200607,1.4887895547673213,1.3032029369775997,1.1404086923000374,0.9979780850171323,0.8735593246321569,0.7649570804146237,0.6701752526488223,0.5874327767866978,0.515161374733791,0.4519924301827866
R15H,total,0.3804191033798132,0.4383658543372629,0.5049650093795164,0.5814179464643194,0.669062271816707,0.769378465240385,0.8839942669461092,1.014685821999529,1.1633741910042175,1.3321151463967653,1.5230790286998133,1.7385156197035956,1.9806962903233623,2.251822018189601,2.5538815237830566,2.888439771638658,3.2563357408421685,3.6572738627193093,4.089312056616754,4.548287854154044,5.027286155736194,5.51632894291393,6.00252670035069,6.470914745634748,6.906042747737679,7.294084845969266,7.624900934732962,7.89332198901064,8.09913389436179,8.245758135161246,8.338190332705539,8.381029546927198,8.377288149466205,8.328254026483462,8.23423590529788,8.095743481291773,7.914592085660591,7.694540494603066,7.441293849028818,7.16194253419625,6.864079814338976,6.554896874867433,6.240497325632554,5.925552210832885,5.613291697681991,5.305743239262555,5.004091352128232,4.709042645219435,4.421114123458073,4.140806347458853,3.8686631101780447,3.605247753884681,3.3510793051720285,3.106569657739173,2.871990062121087,2.647477290933673,2.433073282843972,2.2287814020409322,2.0346195433590473,1.8506542860783872,1.6770083663182191
R15L,total,0.7915065603299202,0.9442867804093549,1.1254778872127087,1.3393832875187757,1.5904238272978939,1.882859369105132,2.2203916601966047,2.6056550130952663,3.039640097062943,3.521151074823767,4.046453618185568,4.609298997070316,5.201460998785743,5.813759713328628,6.437280652439771,7.064227206316111,7.687745297250791,8.300308116985422,8.890901749954619,9.442136296102017,9.929078847421307,10.321453466695425,10.589483879885321,10.711500302418571,10.6799401916223,10.502970393505624,10.201437694946883,9.803270511966236,9.338062937672852,8.83345284517673,8.313404973306929,7.797685645908951,7.301784765740754,6.836887722098991,6.409838017666147,6.023206784498365,5.675611785933896,5.362371047588363,5.0764862106710495,4.809856091576831,4.554542282269564,4.303870561033875,4.053176523632522,3.80009225497912,3.544392606334198,3.287525228698566,3.0319980533737523,2.780783180138418,2.536839568921617,2.3027922100477736,2.0807573666827675,1.8722799726240518,1.6783454361781938,1.4994346059105133,1.335599836237253,1.186547970158197,1.0517215892913816,0.9303734552815188,0.8216313820049422,0.7245523566139086,0.6381658421697725
R16H,total,0.28431319302391433,0.33175277662315117,0.38751642636740036,0.45310590613318114,0.5302879231668595,0.6211340530191996,0.7280627866843334,0.8538815426128453,1.0018250256308165,1.1755842265387315,1.3793174605416034,1.6176309660179957,1.8955116239400136,2.218188411791354,2.590892827947556,3.018483158382963,3.5048961133612107,4.052397424432552,4.660628735083192,5.325501660341651,6.038078408788123,6.783695369398782,7.541696177922557,8.286170886349932,8.987956743305263,9.617799084862435,10.15008413986915,10.566175817589357,10.856380792560161,11.02001367206821,11.063731418385032,10.998887571507588,10.838852420140446,10.597035156030712,10.285909341343325,9.916912960788927,9.50082833433346,9.048199096780223,8.569474956120438,8.07479588697609,7.573526287824898,7.07374885979178,6.581912101670018,6.102734452692642,5.6393625741874125,5.193706205931442,4.7668431582582365,4.359397823119158,3.9718282175399966,3.6045940935386307,3.2582112285721996,2.93321901354342,2.630098323037801,2.3491758028943703,2.0905424783373867,1.854003036106943,1.639060892762541,1.444935613146918,1.2706043027449143,1.114856989902509,0.9763568000326573
R16L,total,1.016126017844401,1.1760197792602576,1.3573781654153292,1.5620184810608855,1.7916688394766342,2.0479209203786004,2.3321815774275256,2.6456178494675755,2.9890839237123066,3.363013135871312,3.7672564308514014,4.2008547119909405,4.661749075005318,5.146459859060837,5.649797519996607,6.164694583366362,6.682253446062276,7.1920758520367665,7.682872310160396,8.143257349297222,8.562553005976905,8.931390948683458,9.241952184937247,9.487806629676488,9.663469390637703,9.763914657388423,9.78432996112057,9.720330927283488,9.568700787310114,9.328512523104674,9.002304078700233,8.596889782541869,8.12346182208124,7.596855832513217,7.034135199261316,6.45286122115402,5.869470438820757,5.298076067085564,4.7498246651000136,4.232766447628004,3.7520960744294496,3.310597318478925,2.9091537875101428,2.5472362123469416,2.2233216568985306,1.935231428062834,1.6803919524455821,1.4560301509015998,1.2593161796319396,1.0874650651516413,0.9378066492852305,0.807831261185995,0.6952169221486273,0.5978426619490664,0.5137915908341351,0.44134663728236234,0.37898126374507285,0.3253469732046618,0.2792589991134711,0.23968122005802933,0.20571105185061725
R17H,total,0.46438378397624014,0.5390583836152906,0.6254431662951481,0.7251118917455633,0.8397395288405959,0.9710632609291143,1.12082311054897,1.2906783777085995,1.48209757078373,1.6962225763914898,1.9337129244504447,2.194583318959628,2.478056604048869,2.782463364402947,3.105225313073742,3.4429581163778167,3.791715763556314,4.1473703521974725,4.5060801682058695,4.864753609644604,5.221381194661049,5.575099214846469,5.925879798918071,6.273818187008423,6.618102738243978,6.955887101005076,7.281399896310711,7.585667530597435,7.857125401734813,8.083123877009525,8.251968214683556,8.354849215465945,8.387023890988452,8.347940480819677,8.240482966118902,8.06983993052597,7.842507503699038,7.565682124077561,7.246999192487506,6.894409447569302,6.516001412240731,6.119703354436984,5.71292420079835,5.302248755391441,4.893279393042478,4.490649238697127,4.098165584377883,3.719006203381148,3.3558919642338716,3.0111867480923618,2.6869132601682675,2.3847052640821627,2.1057336451447526,1.850643938478499,1.619531228498682,1.4119620508807749,1.2270386376161684,1.0634921159167199,0.9197885747258697,0.7942337141296536,0.6850659115615507
R17L,total,0.6605162261182908,0.8075274460398311,0.9853074072560114,1.1991979786773463,1.4549125227105284,1.7582815565806573,2.114863743435795,2.529417723380648,3.0052666554253396,3.543641500215261,4.143149041471659,4.7995466126643995,5.505972852425854,6.253644436291878,7.032790320151855,7.83334622647469,8.64483451061788,9.455069583472156,10.24790572583689,11.00102275857428,11.685321240202088,12.267315831018017,12.714621845846308,13.002663330557715,13.119487025006695,13.066372750293759,12.854466229562366,12.499905845165122,12.020153601084967,11.432703283391817,10.755585693023647,10.008316779568062,9.212213610865208,8.389733349678558,7.563096498418182,6.752706337381293,5.975824435964388,5.245764216051275,4.571655968896233,3.9586897987771446,3.4086750070345206,2.920750324122311,2.4921125065525076,2.118676732448264,1.7956248279942852,1.517829172562044,1.280159934558373,1.0776931539213876,0.9058402203751368,0.7604183574275142,0.637678915088286,0.5343069191006944,0.4474021287237701,0.37444912466401525,0.31328176071036107,0.26204563210628895,0.21916096249516875,0.18328740326175685,0.1532915958152632,0.12821790328555516,0.10726242098800556
R18H,total,0.15268698189169155,0.174799143091652,0.20041488970480717,0.23013367083563066,0.2646621885827879,0.3048331399797756,0.3516265594879515,0.40619367905495096,0.46988289558439034,0.5442668965570084,0.6311691438996482,0.7326866236582668,0.8512038781309755,0.9893906884156081,1.1501722665111476,1.3366565272687447,1.5519984290975173,1.7991777410374934,2.0806663441234807,2.397968255315346,2.751035184699431,3.1375974236083115,3.5525047259919225,3.9872347482361272,4.429772184061908,4.865051699527742,5.276058984909451,5.645500060518076,5.957742229239424,6.200604733972855,6.366611785555518,6.453501595065142,6.4640091780639,6.405095239304929,6.2868377448279675,6.121175399823562,5.9206526723327135,5.69729138146708,5.461694642858467,5.222457069530839,4.9859068430569735,4.756152326129169,4.535363776756981,4.324198690598093,4.1222779829734835,3.9286346623325077,3.742080185640586,3.561460328684614,3.3857974961634105,3.2143365255969982,3.0465239261424184,2.8819551023266388,2.7203208263893095,2.561374835691424,2.4049318230947705,2.2508926030697944,2.09928390751734,1.9502960739509003,1.8043032745353111,1.6618567432286646,1.523649393714896
R18L,total,0.5206474501976904,0.5945524201588772,0.6791018286805182,0.7757046105447462,0.8858941111776522,1.0113176420528238,1.153718766599368,1.3149117479434316,1.4967482854325311,1.701077468178276,1.9297004719560622,2.1843213986239043,2.4664941214453324,2.777561408517964,3.118576708995974,3.490191442508314,3.892483338779991,4.3246975455157095,4.784875908855878,5.269365097523379,5.772224413982881,6.284601234358519,6.794205294401243,7.285084191284339,7.7379565269555615,8.131347267095343,8.443631323684837,8.655800156880971,8.754396918416575,8.73381032549733,8.597185163371861,8.355645270244441,8.026128265817869,7.628569816439479,7.183240535096121,6.708776985391626,6.221074030221166,5.732917897754115,5.254113933145623,4.791868308036585,4.351249586538595,3.9356297610420565,3.547060409356141,3.1865740652451375,2.8544184085757394,2.5502374019357457,2.2732137363094536,2.022184172026057,1.7957357112679264,1.5922872678913769,1.4101591690385709,1.2476315021555786,1.102991806468816,0.9745726014300035,0.8607794724091,0.7601107012298791,0.6711696274908981,0.5926710160597881,0.5234426902852917,0.4624235942860928,0.4086593018787993
R21H,total,0.3348606355546812,0.3733659794474916,0.41667908082264826,0.46540960742811527,0.5202338124582639,0.5818966586748204,0.6512118365910435,0.7290587644768262,0.8163754600966646,0.9141459926959771,1.0233810979644462,1.145090525144944,1.2802458574844469,1.4297329875734448,1.5942942117285122,1.77446106515186,1.970480497337588,2.18223859169134,2.4091873997866524,2.6502810764423312,2.9039268301397816,3.1679539310395417,3.439600391360225,3.715513045594413,3.991754587493994,4.263813070779067,4.526617251567827,4.7745747071756846,5.0016653045154325,5.201632909502004,5.368313477520886,5.496109841986192,5.580572649367847,5.618986525865542,5.61081712440938,5.557876604769609,5.464124857262818,5.335125156365909,5.177275522201751,4.996998094338526,4.800066796314252,4.591196817661729,4.373936108920875,4.150819661002467,3.9236925546430843,3.694085987608611,3.4635405181365844,3.2338049133232785,3.0068851088133965,2.7849618103022027,2.5702252375514583,2.3646855503520143,2.1700092855218607,1.9874129270879022,1.8176233096807413,1.6608975903196042,1.517085960408282,1.3857177522624458,1.2660939460063876,1.1573737736947172,1.0586481636780813
R21L,total,0.3276105756411486,0.37888259944328717,0.43847246808457846,0.5076791707732262,0.5879643269619157,0.6809535475107376,0.7884279717405607,0.9123012239138333,1.0545757191927545,1.2172709685286986,1.4023156258041392,1.6113950862735509,1.845748408138277,2.1059134402865105,2.3914286857513956,2.7005155959633256,3.0297852391637194,3.374035351612645,3.726220344236077,4.07767675172985,4.418658153501573,4.739171367438038,5.030018861113866,5.283868083938017,5.496124470902995,5.6654100274835795,5.793543284880625,5.885044190355865,5.946297411703801,5.984560238595716,6.006989456546895,6.01980724194836,6.027661960362396,6.033191332396547,6.036774345246942,6.036463592733343,6.028110731460767,6.0057161752102814,5.962029648583735,5.889389249023858,5.780721172287097,5.630557793035692,5.435900856568168,5.196776075431988,4.916386878380822,4.600853183893573,4.258592292235157,3.899451984323048,3.533737770274279,3.171283985684315,2.82069827245995,2.4888629772560047,2.1807174270383856,1.8992899786590236,1.6459128389057947,1.4205409047603959,1.2221039628158998,1.0488405931597686,0.8985834537362345,0.7689836911948318,0.6576747761148877
R22H,total,0.29129841696008124,0.34303087637505825,0.4039573296737674,0.4756559543069357,0.5599397732101155,0.65887264022677,0.7747756274460315,0.9102167734048132,1.0679740661376909,1.2509577171097472,1.4620735934566107,1.7040061459099753,1.9788984683796713,2.2879130570292565,2.630674947498801,3.004635336483034,3.404451594647914,3.8215517071894385,4.244111957658367,4.657679102010954,5.046559599352406,5.395860906096372,5.6937683993244494,5.933428750381054,6.113846223822011,6.239518719588854,6.3189961044752305,6.362890338364257,6.381942245286085,6.385572166123162,6.3810600356354055,6.373267448798522,6.364702799065569,6.355731970827735,6.344804762490477,6.32865511187864,6.302509480097919,6.260382040626732,6.1955350158618865,6.101136296471541,5.971070567151163,5.800786557046572,5.588025106785406,5.33328620923682,5.039947984992408,4.714021053083451,4.363585427137605,3.9980044412899245,3.627039949278545,3.2600026111261853,2.9050557717667482,2.568751589071762,2.2558241692544425,1.9692133748846352,1.7102589214157464,1.4789926304998624,1.274463579936348,1.0950481524834559,0.9387165880837094,0.8032443203426163,0.6863679870724405
R22L,total,0.3162257909219399,0.38003994416673026,0.45692160890420136,0.5495137807021844,0.6609474417225842,0.7949001897178565,0.9556422053640754,1.148054842734445,1.377599876556918,1.650208802587029,1.972053149110236,2.3491521856578244,2.7867803149461787,3.2886622476060587,3.8559992450091367,4.486456199130783,5.1733394907754615,5.905262958761218,6.666567954446099,7.438589857305834,8.201585039366293,8.936880327384591,9.628717292809238,10.265340695013979,10.83898805724815,11.344498753628312,11.776459289817973,12.125447953558528,12.37498248737331,12.501414906361045,12.478156940291782,12.28317288449914,11.906419440732865,11.354003158946298,10.64808426545217,9.823547386519742,8.922794639208707,7.989717122457101,7.064042844836749,6.177375817802657,5.351637523064351,4.599626100824509,3.926782641869802,3.333257915904641,2.815731655332318,2.3687998680702878,1.985956047885867,1.660261272013372,1.3847935063476795,1.1529411352624235,0.9585838907784008,0.7961909348254855,0.6608584920643492,0.5483049902723203,0.4548382393064959,0.37730606064796157,0.313038893582217,0.2597903722581762,0.21567979313720104,0.17913880067271673,0.14886347104957878
R23H,total,0.31354205980649397,0.3506911003088228,0.3927604463339247,0.4404326536464406,0.4944774926006895,0.5557585576828921,0.6252384775352964,0.7039818170498231,0.7931545003458114,0.8940182981937775,1.0079186394158726,1.1362637606689852,1.2804930548755507,1.4420324776950957,1.6222350849058227,1.8223052412227672,2.0432057555247756,2.2855480829192714,2.549466651712868,2.834479182940101,3.1393355703426074,3.4618588193702706,3.798783553597456,4.145601986990796,4.496435280709452,4.843960018921619,5.179432952427062,5.4928668475309195,5.7734085075527375,6.009949383002203,6.191956648405192,6.3104533244514265,6.359014452326823,6.33460374126242,6.238072893809001,6.07419584916089,5.851205696143023,5.5799151456131275,5.272592891082617,4.9418060344301145,4.599414919327162,4.255839041447954,3.9196322856262062,3.5973398792978717,3.2935714577392057,3.011213818046706,2.7517147389803935,2.515385783269375,2.301689869677936,2.1094945748674925,1.9372832334618462,1.783323119322906,1.6457941177328617,1.5228832489946273,1.4128509616298475,1.3140748658381818,1.225075930025969,1.1445313735328133,1.071277708224628,1.0043066870132602,0.9427563367191867
R23L,total,0.30961626854921886,0.3601044772244202,0.41947241417342296,0.48934670352510107,0.5716423223683846,0.6686008645727644,0.7828251149845413,0.9173032469494555,1.0754120879461224,1.2608836945176047,1.4777130748215355,1.7299781308975755,2.021537905907664,2.355576197143586,2.7339712155696776,3.156506645529028,3.620001759206251,4.117525184921094,4.637945232782786,5.166109238125465,5.683869985980209,6.171949841099991,6.61229734043884,6.990298673668969,7.296151923826432,7.524992174682726,7.675866487928406,7.750135721708258,7.750070246797417,7.678220233348926,7.537693493474418,7.33300432929412,7.070899736217906,6.760635214224893,6.413492308454813,6.041703089184872,5.657173233640518,5.270397232389658,4.889799049992859,4.521534304129913,4.169651628699292,3.836460185104327,3.522965723272188,3.2292822316199388,2.9549717456814397,2.699298193931938,2.461400466372994,2.240398593898359,2.0354492566689735,1.8457659745925024,1.6706171176550253,1.5093122058435378,1.3611842538792969,1.2255733699012326,1.1018145922958267,0.9892311584106278,0.8871331020569198,0.7948202677117269,0.7115884446362781,0.6367372637061293,0.5695786524235077
R24H,total,0.34592842723028616,0.3959562002926491,0.45398755258423407,0.5213699199913916,0.5996668761201849,0.6906817718567321,0.7964774592790704,0.9193876974584756,1.062013741001186,1.2271969459365561,1.417955107169064,1.637367071261151,1.8883878456662695,2.1735765804008396,2.494724953822272,2.8523869050093196,3.2453354037220565,3.6700088293443,4.120053619360496,4.586106887844361,5.055968540129376,5.515260302441657,5.948547802228255,6.340738007225932,6.678430170907415,6.950883482577453,7.150413668333801,7.272289573699866,7.314425413215134,7.277208305821478,7.163622914385906,6.979544122443958,6.733858897514734,6.438094575793705,6.105461891211278,5.749511570039575,5.382774485003366,5.015731366973207,4.656293682714708,4.30978725668223,3.979302233835227,3.666231421093447,3.3708414730549485,3.092772097815107,2.8314106390698535,2.5861303247420606,2.3564073314705456,2.1418461369314823,1.9421470776647074,1.7570473491506322,1.5862596183482267,1.4294235940277806,1.28607751166324,1.155649973675621,1.0374685097858747,0.930779432671161,0.8347734849364716,0.7486127083880395,0.6714553102888032,0.6024766345583448,0.5408854414659549
R24L,total,0.2762267866777288,0.333083455249675,0.4017807697121586,0.4847403693543751,0.584831068407545,0.70542027448865,0.8504120897947272,1.024257999002966,1.2319195270243675,1.4787548792076537,1.770295211761062,2.111874788923452,2.508089674328471,2.9620910256578634,3.4747798146862756,4.044058797295069,4.664391327574484,5.326959538334504,6.020630012549962,6.733674582525401,7.455807540287758,8.179765484683767,8.901590420943087,9.619073877957813,10.3283671546334,11.019363679550029,11.671028840893715,12.248406617511868,12.703389280288757,12.980874461492654,13.02999797434023,12.817175742495445,12.335838099907383,11.609039644618868,10.684799137614476,9.626915779705733,8.504387490571812,7.3816464023631765,6.31117643920528,5.329591150705173,4.457345323582887,3.7011975753615283,3.0579950671022176,2.5185026837693636,2.070525704993636,1.7010909843302122,1.397772766467328,1.1493761422394497,0.946197278242916,0.7800346139168011,0.6440711123757237,0.5327023677071057,0.4413531671397192,0.36630440093396716,0.30453988055676456,0.2536157855922364,0.21155197404693932,0.17674283794799922,0.14788488495204993,0.12391825789593275,0.10397967551939005
R25H,total,0.2912527723470964,0.32611762139377265,0.3659625600856431,0.41160643014781384,0.46400955935003785,0.5242949476203421,0.5937700096628922,0.6739471044061147,0.7665598914743308,0.8735708540194532,0.9971630118517059,1.1397058925549277,1.3036823984277257,1.4915598558794345,1.705586468849591,1.9474957788072822,2.218109823241079,2.5168504804658745,2.841201273573,3.1862081879269715,3.5441591314122354,3.9046169194936033,4.254969242263096,4.581572232581146,4.8713985351087565,5.113899765135891,5.302645251643227,5.436295599428359,5.518642664361241,5.557732823278694,5.564357540894896,5.550327645061068,5.526910812339459,5.503659051438156,5.487676903490973,5.4832554217523874,5.491749512686953,5.511595729029311,5.5384256921447115,5.565298140198227,5.583125934489731,5.5813916463366615,5.549207843934324,5.476678973608971,5.356381417775054,5.1846535063232455,4.96235300470762,4.694843689934572,4.391191196900654,4.06278620322038,3.721760007539184,3.3795582604562924,3.0459190172484067,2.7283374421813145,2.4319637407784236,2.1598081738567125,1.9131143239047996,1.6917865441267366,1.4947958044761749,1.320523980366986,1.167033021788265
R25L,total,0.2651847042306792,0.3103933478300666,0.36362006933635516,0.42629785911877405,0.5001015395035808,0.586979324995607,0.6891836882938146,0.8092985901195551,0.9502585814730643,1.1153532285553118,1.3082077110864692,1.532727385656358,1.7929908873024742,2.0930736303850472,2.436782563167733,2.8272855828807724,3.266627565275834,3.7551420272760243,4.290794469291476,4.868528936390804,5.479726819896617,6.111914161643563,6.748855131858186,7.371132438837499,7.957239012706995,8.485103813193938,8.933873912421664,9.285702473311794,9.52726958736992,9.650804233626001,9.65448119230315,9.54220891044912,9.322945265934841,9.009722418873086,8.61852371458021,8.167088134713365,7.673685735525573,7.155930026069964,6.629735154767006,6.1085379819200245,5.6028674195207735,5.120273199639085,4.665557198540965,4.241207908822281,3.847929333853867,3.485171732440758,3.1516003241543187,2.8454681508306563,2.564884147870714,2.3079846180915125,2.0730258912826987,1.8584194445031197,1.6627299814953318,1.4846536619606883,1.3229892659059646,1.1766106254496154,1.044444819452393,0.925457724499245,0.8186466020246137,0.7230383545275254,0.6376916966550973
R26H,total,0.1940230634707854,0.23455072436416358,0.2835718165096252,0.3428302065422415,0.4144001154846031,0.5007331075270007,0.6047033043301953,0.7296451902650423,0.879375217869172,1.0581841484354104,1.270781579349881,1.5221676087026559,1.817399858730008,2.16121902315805,2.55749643993512,3.0084791798993376,3.513840653967336,4.069607203142455,4.667127082279262,5.292363001587814,5.9258756542723,6.543841997238344,7.120238123111128,7.629912762795287,8.051838963279124,8.371631987700454,8.582658526608787,8.685644897067931,8.687257730348069,8.598338203642781,8.432283388155438,8.2037347310069,7.9275193589339485,7.61776436372906,7.287167806947558,6.946453492257362,6.604034930216924,6.265898390933925,5.935706517430068,5.615114076294122,5.304261793846351,5.002375665986138,4.708366709353728,4.421320149628503,4.140791820569927,3.8668849804527645,3.600142475080573,3.3413342205680268,3.0912334116613005,2.8504559717499136,2.619398684372597,2.398269845201278,2.1871769604751803,1.9862258509209239,1.7955929221137181,1.6155501980708213,1.4464423417274952,1.2886295475731675,1.142416760101251,1.0079885941407225,0.8853633285725591
R26L,total,0.42813048691740496,0.5194034685216018,0.6307375182840049,0.7665316972462962,0.9320619335223539,1.1335870756127222,1.3784215741271209,1.6749393009320706,2.0324567881928366,2.460926432699652,2.9703553187447884,3.5698606252355436,4.266287466017963,5.062358056635981,5.954398335515448,6.929809459155257,7.964647942293532,9.022001568041308,10.052280015701532,10.996783602351945,11.795325367119023,12.396814998778533,12.769361477872433,12.905687068557121,12.8217610902051,12.55009580795122,12.131209594500309,11.606242210646087,11.01196251452486,10.378121877037206,9.726685818805436,9.072446004085643,8.42448429130738,7.787931120301589,7.165563263720538,6.559019322566739,5.969636913536808,5.399010602889086,4.849333691387484,4.323514468638381,3.8250387564745436,3.357603107230889,2.9246194407002086,2.528733374793667,2.171480365089107,1.853142784489356,1.572802840625609,1.3285390171127134,1.1176968452199132,0.9371720911773078,0.7836637510473816,0.6538750665565586,0.5446571960169861,0.45310045875756655,0.37658296355596843,0.3127875876934268,0.2596973149883121,0.2155770724237008,0.17894816822703352,0.14855960968379034,0.12335911107566418
R27H,total,0.26993419659890916,0.30344274225510376,0.34204392559691954,0.38662947636613915,0.4382532394924634,0.4981568466284137,0.567796650607145,0.6488701569791117,0.7433389317234776,0.8534431595172537,0.9817005533031322,1.130879128078969,1.3039295958188295,1.5038593460010854,1.7335273420269015,1.9953399548781894,2.2908350814282663,2.620159971693806,2.9814805254992156,3.370406294424741,3.779567871615061,4.198521807824332,4.614152404500327,5.011661173977528,5.376079228324215,5.694046713278443,5.955460952502462,6.154587739783594,6.290385867398546,6.3660492967788915,6.388000711779203,6.364671127526304,6.305352615298436,6.219276266835035,6.114932672890594,5.999574666143667,5.878830351567158,5.75638571827653,5.6337430610255765,5.510106080289815,5.382474057502641,5.246033870122887,5.094904020639656,4.923199191904375,4.726260320871176,4.50178133676134,4.25052722555143,3.976424559880669,3.6859959577651935,3.38731896778567,3.088818003449572,2.798195829427184,2.521703849459408,2.26380776408804,2.02719139272753,1.8129854493752902,1.6211042935224866,1.4506001653971041,1.2999795666944154,1.167456893685529,1.0511411948293703
R27L,total,0.24477159848740548,0.2847774120569093,0.3317676841087677,0.3869954969209596,0.4519268596680795,0.5282670167019853,0.6179843372643087,0.7233279269292404,0.846833057072214,0.9913057382740645,1.159774190049316,1.3553906789397177,1.5812626995294443,1.840189022514978,2.134276340944517,2.464420717854671,2.829661611490984,3.2264625627315384,3.6480449822694867,4.083988522056485,4.5203747594352945,4.940723233562821,5.327785427856732,5.665930419059414,5.943517176135618,6.154537521775578,6.299076103161614,6.382643816056984,6.4148508532447455,6.407922289361593,6.37527792670761,6.330109634385587,6.283850711616374,6.244633935312525,6.21606758386258,6.19672417076823,6.180586485814155,6.158413344114894,6.119702074718038,6.054747833748156,5.956297094910381,5.820462793317453,5.646834409259335,5.437957763350645,5.198481921772906,4.934256665777095,4.651565597652868,4.356568939499726,4.054952528865941,3.7517441550999298,3.451251411393427,3.15707974383211,2.8721956660302554,2.5990061462059195,2.3394323659286984,2.094965229073522,1.8666999163648126,1.6553549212684324,1.4612852936663403,1.2844997836703116,1.124688357596153
R28H,total,0.31593323924729927,0.3606200355228124,0.4118159369354977,0.47046314949749213,0.5376282836870572,0.6145132341705916,0.702464721227928,0.8029813267837532,0.9177164206761063,1.0484748183939658,1.1972003217859042,1.3659504558934197,1.5568537281019106,1.772043629741975,2.01356246417713,2.2832271208361057,2.5824485227994822,2.9119973868651075,3.2717123692817,3.660154456859475,4.074225925059611,4.50879539796804,4.95640243660379,5.407150095101626,5.848917225563488,6.268009347269061,6.65029148897449,6.982701392300847,7.254862710266598,7.460388319344814,7.597475730855322,7.668583813827805,7.679276618617267,7.636591990456548,7.547423491495231,7.417358813224235,7.250237291122803,7.048444979250932,6.8137307120549755,6.548171739374058,6.254902720584804,5.938360326970399,5.604024898446573,5.2578455225444225,4.905619435056845,4.552543417765088,4.203023446726614,3.8607028697623553,3.528603265075355,3.2092728014415286,2.9048786183035284,2.6172293431339524,2.3477486870504065,2.0974339572456837,1.866828709720945,1.6560256564523161,1.4647023940897106,1.29218309819451,1.137515135589703,0.9995495440571145,0.8770167256786912
R28L,total,0.38813148267319386,0.4724469796045464,0.5755966790919622,0.7017582858984869,0.8559455602073146,1.0441071603835157,1.2731914585577726,1.5511424572005919,1.886776438660286,2.2894725093202766,2.7685973813956144,3.3325832285011714,3.9875968254002556,4.735786834687785,5.573178905192586,6.487412057319541,7.455699779092555,8.443698147614592,9.406342073805394,10.291868327571512,11.049547868040488,11.639700156077708,12.04223460600628,12.259420251500956,12.31114018759035,12.224960733872937,12.025779145576049,11.729200874599428,11.340369307440305,10.85758143216881,10.278526852853885,9.60644886208195,8.853902950481896,8.042967605974157,7.202278135882846,6.36238771575273,5.551229764899915,4.79093988279516,4.096467285756016,3.475729801540897,2.9307465569930793,2.4591745817679076,2.0558318659326242,1.7139781426583895,1.426274414750425,1.1854339007492802,0.9846195592070698,0.8176538873387911,0.6791006171151495,0.5642655698316854,0.4691509726447045,0.3903864994381787,0.3251518710923561,0.2710998694192134,0.2262846048062371,0.18909731263770158,0.15821039545303447,0.1325295381135238,0.1111532600418824,0.09333906690700634,0.07847531554547546
