Mudule,Item Format 3,theta_0,theta_1,theta_2,theta_3,theta_4,theta_5,theta_6,theta_7,theta_8,theta_9,theta_10,theta_11,theta_12,theta_13,theta_14,theta_15,theta_16,theta_17,theta_18,theta_19,theta_20,theta_21,theta_22,theta_23,theta_24,theta_25,theta_26,theta_27,theta_28,theta_29,theta_30,theta_31,theta_32,theta_33,theta_34,theta_35,theta_36,theta_37,theta_38,theta_39,theta_40,theta_41,theta_42,theta_43,theta_44,theta_45,theta_46,theta_47,theta_48,theta_49,theta_50,theta_51,theta_52,theta_53,theta_54,theta_55,theta_56,theta_57,theta_58,theta_59,theta_60,item_num
RC1,1,0.036024218390339965,0.04091457834258277,0.046494429417409985,0.0528563520039515,0.060102003263153944,0.06834155419928273,0.07769242119497533,0.08827705034087546,0.1002194812419908,0.11364040502703965,0.12865045531758634,0.14534155141427899,0.1637762720265171,0.18397549358092988,0.20590488424580516,0.229461282584209,0.2544604502625578,0.28062807134450096,0.30759604404440855,0.33490594110594774,0.3620209183126535,0.3883463462935567,0.4132581810626247,0.4361368388662219,0.4564034031538784,0.4735545989111282,0.48719319692748214,0.49705124371728243,0.5030044898685729,0.5050772962439468,0.5034378853446504,0.49838399940040407,0.4903189855739964,0.4797184177442776,0.46708802789790493,0.4529152731455322,0.4376192714305495,0.42150656078799154,0.40474211664896814,0.3873449259857636,0.3692139720215969,0.35018349382015207,0.3300973427389778,0.30888447544384245,0.2866150327173619,0.2635213242422886,0.23997907178163824,0.2164567940441104,0.19344981315184995,0.1714169782610009,0.15073354402023154,0.13166602866855182,0.11436788775268508,0.09889057141482274,0.08520326109223467,0.07321542599049595,0.06279813625995506,0.05380192372373438,0.04607042702340278,0.039449977139550424,0.03379574465408284,9.0
RC2,1,0.04225582320278663,0.04739586657028415,0.05320436081615076,0.059768051134231184,0.06718257867967174,0.07555219191488789,0.08498884330239775,0.09561042504080064,0.10753784436887237,0.12089059274103355,0.13578043779701143,0.15230288340638753,0.17052612961509173,0.1904774554668268,0.21212727830239966,0.2353716373295694,0.2600145021355463,0.2857520611424836,0.312161868932388,0.3387002103097279,0.36471099934593737,0.3894487114393688,0.41211611092896944,0.43191500704238966,0.44810539945630595,0.4600658951069434,0.4673469957793408,0.46970933652930613,0.4671412480510903,0.459853577103193,0.4482535730260309,0.4329028361076898,0.4144661432851927,0.39365823743106354,0.37119465922512884,0.34775093361284665,0.3239324345325675,0.3002554504864003,0.2771385903932611,0.25490278028160585,0.23377767818950204,0.21391229025867262,0.19538779435506923,0.17823095661689473,0.16242696377873803,0.1479309164627371,0.13467758934406165,0.12258934148751646,0.11158225173531247,0.10157066967861152,0.09247042836828571,0.08420097766481076,0.07668668243174197,0.06985749996938152,0.0636492150855959,0.05800337486939674,0.05286703199444531,0.04819237689490623,0.04393631591457221,0.04006003431630339,0.036528569266128484,7.0
RC3,1,0.028982687629538945,0.03288563319418559,0.03731789688692768,0.04234686837018231,0.04804633185279984,0.05449621587133187,0.0617819512718791,0.0699933003125521,0.07922249662805843,0.08956151921110697,0.10109832129524743,0.1139118579037343,0.12806581751678742,0.14360107865281743,0.1605270933805981,0.17881264979832062,0.19837676853557512,0.21908079966143812,0.24072302631387651,0.26303714094393,0.2856957270383144,0.30831928703997796,0.3304904462696125,0.351771923227988,0.37172601213960127,0.38993302569183175,0.4060066015100466,0.4196048891509957,0.4304379788832719,0.4382729211545589,0.4429378756450334,0.44432629795076223,0.4424010506564981,0.43719753927319255,0.4288248404811679,0.41746425578368224,0.4033653338848156,0.3868396699915361,0.3682525607653228,0.34801216100493076,0.32655564021049394,0.30433227649398437,0.2817843436181831,0.25932760410437256,0.23733373620930617,0.21611685138977368,0.19592549006637713,0.17694043526366018,0.15927771365113272,0.14299550550342913,0.12810343467965288,0.11457279591340233,0.10234657179575567,0.09134846514073787,0.08149052711491876,0.07267924448627829,0.06482014417552534,0.057821086952620955,0.05159447251881014,0.046058585455850024,0.041138293147908574,7.0
RC4,1,0.0418505348616654,0.0483258066247306,0.05573185414143982,0.06417566062480651,0.07376701836153703,0.08461495292630518,0.09682282542401364,0.11048195480006129,0.12566370002736502,0.14241010525083472,0.1607234478856563,0.1805553352663981,0.20179634362318227,0.22426753021239243,0.2477153931810835,0.27181190265895844,0.2961609814732993,0.32031221078438493,0.34378158281198945,0.3660779283566449,0.38673242749869297,0.40532766569497203,0.42152233849028975,0.43506816661020775,0.4458168962112679,0.4537171951389587,0.45880332839231286,0.46117908955397396,0.46100104675571785,0.45846448963730224,0.45379370000211633,0.4472358516857679,0.43905573654004565,0.42952738301648163,0.4189190399617706,0.4074701087364147,0.3953620842812248,0.3826895356750965,0.36944028460288425,0.3554946775242367,0.34065093174741357,0.32467674977278055,0.30737830337626815,0.28866969532265574,0.26862313325700904,0.24748463589382816,0.2256508793271619,0.2036151379903867,0.1818987494974554,0.1609860798503383,0.1412762796582068,0.1230575081774327,0.10650232789833082,0.09167872636926097,0.07856997348613735,0.06709738901277316,0.057141910457074035,0.04856222042023096,0.04120865005916972,0.034933002799142965,0.02959491372848631,9.0
RC5,1,0.04974680152306219,0.05692458864733135,0.06508104974704625,0.07432144793247333,0.08475188380616426,0.09647513313534531,0.10958507731116131,0.12415958791689673,0.14025183995006776,0.15788020731448432,0.17701714252738712,0.19757774835911215,0.2194090788108041,0.24228150256442152,0.2658836469334718,0.28982243456853285,0.3136294708350711,0.3367745261366201,0.3586861330621348,0.3787784796320528,0.39648293972798815,0.41128183638404575,0.4227414561931103,0.43054099985608574,0.43449417624437825,0.43456066168558255,0.43084573623412314,0.42358799546219533,0.41313682119170514,0.39992282575179283,0.384425334728487,0.36714093190315766,0.3485562516701131,0.32912690706675457,0.30926310330724166,0.2893214365154098,0.2696017653405786,0.2503478467698209,0.23175052061972462,0.2139524608310712,0.19705376926555213,0.1811179050549092,0.16617760088872835,0.15224052503251187,0.13929452161542702,0.12731231715757366,0.11625562761687777,0.10607864084701461,0.09673088417966233,0.08815951457918818,0.08031108847425392,0.07313287989051477,0.06657381976185797,0.06058512776794497,0.055120702449185086,0.05013732732661031,0.04559474167645543,0.041455615504687536,0.037685459817701154,0.03425249587863666,0.031127500933218654,7.0
RC6,1,0.025700668500036203,0.029628841272283896,0.034138290805792046,0.03930654318746904,0.045218255731142465,0.05196468394318361,0.059642616282349716,0.06835261999668214,0.07819643299913552,0.08927334783709677,0.10167547581621432,0.11548186491221532,0.13075158483894705,0.1475160893922559,0.16577140708440397,0.1854709589487934,0.20651999079591352,0.22877264574813225,0.2520324997855663,0.2760568871547716,0.30056459540672453,0.3252456828718082,0.34977155299423596,0.37380332923279835,0.39699721301866364,0.41900681158826353,0.4394840013846978,0.4580811179785965,0.47445750273804754,0.4882923416172314,0.49930345404831894,0.5072689141672382,0.5120461357516785,0.5135823191770447,0.5119115022081575,0.507136745945071,0.49940041537118696,0.48884984262531933,0.4756085380494606,0.4597633332150163,0.4413746091490349,0.42051014978095025,0.3972946588325107,0.37195964571188067,0.3448758557189151,0.3165548291855393,0.2876163278989947,0.2587298669811111,0.2305462835308213,0.20363629501363686,0.1784481044846282,0.1552885539730119,0.13432557948025126,0.1156057665480999,0.09907983711504133,0.08462999124807047,0.07209500128968399,0.061290920435290275,0.05202677104892115,0.04411551691475336,0.037381085451022894,9.0
RC7,1,0.0368361084414221,0.041504629570930485,0.04678783668672611,0.052764518682068634,0.059521563139120125,0.06715392518980132,0.07576420333852224,0.08546166711797816,0.0963605478506584,0.10857737232809797,0.12222709631304846,0.1374177901375948,0.15424365577659377,0.17277623051383667,0.19305377525877343,0.21506907194949426,0.2387561712516893,0.26397702683453705,0.2905093838185978,0.3180376767527753,0.3461489212841205,0.37433552208174503,0.40200646057126654,0.4285074415750135,0.4531493655997569,0.47524318349133027,0.4941380887483306,0.5092593805738788,0.5201423089406332,0.5264587217355595,0.5280341825454136,0.5248542410702579,0.5170596496750414,0.5049315268626378,0.48886868545804185,0.4693602975958765,0.4469573851348361,0.42224607751944304,0.39582432183774785,0.3682822865092086,0.34018569412431243,0.31206111566717387,0.2843827754310766,0.25756121908893725,0.231934786658224,0.20776491264253216,0.1852358579581289,0.1644587957972807,0.1454795155447811,0.1282885814409917,0.11283265534060295,0.09902582095588264,0.08676002882346481,0.07591411198601339,0.06636112497358954,0.05797399229247209,0.050629606741355714,0.04421160096415315,0.0386120447112467,0.033732313526057774,0.029483347519146063,8.0
RC8,1,0.05500470809825494,0.06253871559243303,0.07108059543932986,0.08074227579907328,0.091638921098314,0.10388547779581307,0.11759193862289417,0.13285716877177972,0.1497612232574166,0.16835622441855314,0.18865606489117068,0.21062544428605043,0.23416900940885838,0.2591216014364902,0.285240759617538,0.3122026336234299,0.33960228576374824,0.3669590375003213,0.39372710222332385,0.4193113481048828,0.44308773238758503,0.4644277527578042,0.4827260942543271,0.497430383624599,0.5080715091914366,0.5142923649858622,0.5158723316318976,0.5127445985961785,0.5050037959605123,0.4929023882581392,0.4768357092434356,0.4573170457786039,0.43494545056195455,0.4103697236820045,0.3842521654308564,0.3572353307361381,0.32991426265862883,0.3028157322004423,0.2763850367103495,0.2509800488570815,0.22687155704748838,0.2042485406579831,0.18322687554280367,0.16386002490105914,0.14615047388857974,0.13006094518935712,0.11552472831481694,0.1024547256827158,0.09075103975724452,0.08030708938228087,0.07101435241087883,0.06276589443585603,0.05545887079380433,0.0489961917848196,0.04328752839107256,0.03824981477776261,0.03380737955466954,0.029891813447211413,0.02644165859777634,0.023401985145996076,0.020723904331292387,8.0
R11H,1,0.027189492615001528,0.03113659348563439,0.03565875652769545,0.04083009897371012,0.046730108849264936,0.05344239540079387,0.06105271447824394,0.06964610829711036,0.07930302114380537,0.0900943104346044,0.10207517747651867,0.11527820102998011,0.12970586520358765,0.1453232093716933,0.1620514472334473,0.17976354015809057,0.1982826957807141,0.21738454627830858,0.23680334449396512,0.2562419757272929,0.2753850551996893,0.2939140110301637,0.31152291963532336,0.32793392843816666,0.34291123371417614,0.3562726307859136,0.367897565046974,0.3777304772223259,0.38577825164229346,0.3921009362469116,0.39679569455483016,0.39997510678842585,0.4017422582022828,0.4021662501380133,0.4012625216405281,0.3989823695966082,0.3952150765699638,0.38980404752264247,0.3825755547465022,0.37337567496807317,0.36210862210591055,0.34876878916092263,0.33345989930139647,0.31639754610596876,0.29789521204510405,0.2783373859526226,0.25814562419181075,0.23774386746980272,0.2175282510892597,0.19784468377873843,0.17897535790762117,0.16113363957023788,0.144465720213705,0.12905698382911254,0.11494109803827324,0.10211017417361727,0.09052478767055207,0.08012308739899407,0.0708285872655177,0.06255650334282496,0.05521867842800831,11.0
R11L,1,0.057551814120770754,0.06675347615032057,0.07732739342245036,0.0894350961518986,0.10324090794175642,0.11890562905763757,0.13657819541673863,0.1563853466164558,0.17841966105447282,0.20272674460958384,0.22929282291336583,0.258034337447448,0.2887911479045251,0.32132431680169266,0.3553179867834573,0.3903826183889502,0.4260544164497653,0.4617843999531408,0.4969120856610534,0.5306248902804462,0.5619154347400186,0.5895621514323375,0.6121669230457328,0.6282772269546205,0.6365930681390884,0.6362165889311512,0.6268661454753931,0.6089736308310072,0.5836240878366952,0.5523602132424938,0.5169236361992291,0.479014176246795,0.4401212295457048,0.4014416977834659,0.3638688316825993,0.32802439770475617,0.2943088499662607,0.26295269744602956,0.23406082631862557,0.20764746058681785,0.18366251481564616,0.1620111559572999,0.14256839020211046,0.12519009155301714,0.10972144795557641,0.09600345759991057,0.08387788484557196,0.07319095733018603,0.06379601886760744,0.055555318451382486,0.04834109559329759,0.04203610634855484,0.03653371844992472,0.031737686986212,0.02756170450251409,0.0239288022059514,0.020770662987665243,0.018026892802147566,0.0156442848621865,0.01357610115274461,0.01178138781351349,9.0
R12H,1,0.0291544921086738,0.03329790588568849,0.038018447294326546,0.04338932978202283,0.049490276344611527,0.05640708634267452,0.0642307547315179,0.07305600393428996,0.08297907065596538,0.09409458094522842,0.10649135435859519,0.12024701220112052,0.1354213374703636,0.152048457557712,0.17012810414885182,0.18961644876087444,0.2104173015628754,0.23237475589770332,0.2552685916421933,0.2788138198589643,0.30266555071884826,0.326429812634772,0.34968003516789037,0.3719777505785615,0.39289493540093506,0.41203467667750543,0.42904687038607664,0.4436366340005463,0.4555649248392409,0.46464304279245067,0.4707245693028248,0.4736991546861887,0.4734919662179974,0.4700705654423643,0.4634580561636287,0.4537485350134627,0.44111929568823344,0.42583462683515905,0.40823835753578064,0.3887356462160129,0.36776753115732214,0.34578333806950695,0.32321579627897734,0.3004620924819562,0.2778719829358163,0.2557423268608671,0.2343164360236122,0.21378645789765877,0.19429734759817244,0.17595150361895615,0.15881360077581738,0.1429154436177001,0.12826078707636546,0.11483008511439848,0.10258509687103073,0.0914732491607629,0.08143164551152451,0.07239062751971155,0.06427682628790038,0.05701567964380315,0.050533426120970414,9.0
R12L,1,0.029180854065366985,0.033739477103456685,0.039020903999613665,0.04513655766454253,0.05221229881048314,0.06038881995820752,0.06982121503644763,0.08067725198632687,0.09313371246027649,0.1073699858369924,0.12355795037384137,0.1418471134863592,0.16234413587439325,0.18508640466522389,0.21001045550448044,0.2369179347493787,0.2654444000526112,0.2950391072032701,0.3249659161006188,0.35433489057403034,0.3821694291787567,0.4075044790588378,0.4294997271011878,0.4475424583104454,0.46131344999879403,0.4707983046866432,0.4762430615849915,0.47806952439669304,0.4767753397636305,0.4728435828895185,0.4666787380723232,0.45857544309284726,0.44871750868013627,0.4371994818925889,0.4240612217244784,0.40932645175135174,0.3930379265797741,0.3752839997062654,0.3562136754831238,0.3360394728734045,0.31502941427932385,0.29349093831411716,0.271750328397324,0.25013129401764933,0.2289357518533974,0.20842887049610434,0.18882934759034006,0.17030492051505194,0.15297241561738958,0.13690125856606686,0.12211926336322224,0.10861961188238814,0.0963681428658229,0.08531031571892617,0.07537744938275916,0.06649203200052162,0.05857204293115505,0.05153432652777293,0.045297114748890574,0.03978182294749641,0.03491424954893612,9.0
R13H,1,0.04093468908710354,0.04733881517533965,0.054700701892994946,0.06314567541902545,0.07280908619161675,0.08383480139775001,0.09637265119684132,0.11057451171011817,0.126588654514042,0.14455194715353728,0.164579467014363,0.18675111821986098,0.2110949614680436,0.23756724460256773,0.26602964110027955,0.2962250500166387,0.3277545269041418,0.36005942314549616,0.3924143153030053,0.42393722387284066,0.4536231323140819,0.48040412752322875,0.5032343076637131,0.521190697904577,0.5335747700454423,0.539995492187761,0.5404163519592373,0.5351558632244379,0.5248416348898908,0.510328473160057,0.4925976476398156,0.4726555961839732,0.451446563066484,0.4297872662215712,0.40832538310227456,0.38751938360392546,0.3676356835827425,0.34875971971980835,0.33081912289706905,0.31361832036786463,0.2968836261392699,0.28031594333036847,0.26364529539925474,0.24667896658870322,0.22933463253161465,0.21165232936533754,0.1937839282155922,0.17596421634243964,0.1584716639210747,0.14158815185500714,0.12556535204622868,0.11060218399361249,0.0968342697228792,0.08433366775259807,0.07311581798411805,0.0631504366174547,0.054373643871295355,0.046699448475417876,0.040029537040625625,0.03426096280750533,0.029291755600083277,9.0
R13L,1,0.04305671747232474,0.050480962920687406,0.059159046223400104,0.06928199262228663,0.0810604298657178,0.09472269572098696,0.11051107937291871,0.12867565377506762,0.14946513562127414,0.17311423328253847,0.1998270099748257,0.22975588256962576,0.2629759678231818,0.2994545656486472,0.33901569488282324,0.38129998052091074,0.42572123631412534,0.47142332502951134,0.5172447142381905,0.5617033940504496,0.603020154233579,0.639200723073287,0.668192579116586,0.6881160017742385,0.6975405067370395,0.6957453751511253,0.6828846984700161,0.6599922348261814,0.6288119683210659,0.5915035295713693,0.5503124044841248,0.5072927422055832,0.46413389072713584,0.4220965172539686,0.3820326069250761,0.3444528705823317,0.30960983354499244,0.2775760478403947,0.24830770035636737,0.22169143884165501,0.1975762897404651,0.17579404435882337,0.1561715330905432,0.13853760736459522,0.12272689049950339,0.1085816758408,0.09595282499787834,0.08470015428631189,0.07469256517797519,0.0658080386695661,0.057933541599450175,0.05096486006044563,0.04480636373590988,0.039370704079701245,0.03457845224669472,0.0303576861514083,0.026643538503474964,0.023377718738230222,0.020508021561416588,0.0179878336982412,0.015775648747439187,9.0
R14H,1,0.02986883344247677,0.03474504743807885,0.04039995942146181,0.04694276568886947,0.05449101680645905,0.06316828957544096,0.07310045341208495,0.08441022755634128,0.09720981411192235,0.11159159380192266,0.1276172235422473,0.14530599374223102,0.16462395424200602,0.18547597984219438,0.2077033854378973,0.2310895830268164,0.2553752505214788,0.28028236438548987,0.30554341361176657,0.33092885461816346,0.3562635339707446,0.3814226900401415,0.4063012277015165,0.43075653801185354,0.45453461076016843,0.47719984452337394,0.4980974740705699,0.5163786452425217,0.5311059633709858,0.5414296674187774,0.546789028347261,0.5470687310251156,0.5426456426887403,0.5343014561432625,0.5230313834272579,0.5098174626860292,0.4954385612480129,0.48036305684664954,0.4647344224743294,0.4484322764834552,0.43117843060755856,0.41265646188438804,0.39261889789796717,0.37096419770186095,0.3477744534489289,0.3233132929921646,0.2979909250138376,0.27230842536094524,0.24679522820140137,0.22195224318120288,0.19820901203747315,0.17589842181171844,0.15524821192507,0.1363857462647975,0.1193514294933214,0.1041163616883762,0.0906007785521581,0.07869100359327247,0.06825370785707745,0.05914707784666242,0.05122900980536986,10.0
R14L,1,0.0902163749113808,0.103002928136415,0.11711198087007885,0.13254129517362234,0.14925203447606067,0.16716628494528912,0.18616801565200933,0.20610808902898614,0.2268132599805667,0.2480982421490302,0.26977909528995286,0.29168567253120037,0.31367086755394263,0.3356149399169659,0.35742406739049065,0.37902314071814036,0.4003433992562406,0.4213057543337335,0.44180077373346205,0.461666653298107,0.4806673534762271,0.4984744592858009,0.51465794533533,0.5286922771729279,0.5399842236275494,0.5479262875775187,0.5519740052663007,0.5517369548673632,0.5470645978857371,0.5381032108872545,0.5253030518750701,0.509366401784701,0.4911436299332515,0.4714994977174537,0.4511799215488616,0.43070848266769335,0.4103339368489586,0.39003812683982914,0.3696006759333822,0.3487044169170451,0.3270557578763567,0.3044901087892665,0.2810367659360598,0.2569301570969221,0.2325708911000902,0.20845402255559772,0.1850880658587077,0.16292553436984858,0.14231724682382346,0.12349304690047405,0.10656452233402156,0.09154207420038292,0.07835866524890195,0.0668943581116092,0.056998035780985015,0.048504675557122186,0.04124791659421431,0.03506843133117299,0.0298189316355895,0.025366681175869488,0.021594282793010136,8.0
R15H,1,0.03026681458753509,0.03496708009155561,0.040378445640602625,0.04659951098917003,0.053739577411539605,0.06191894957442645,0.07126897829144303,0.0819317469778629,0.09405926589120764,0.10781197219279126,0.12335622340661301,0.1408602957619925,0.16048813683668048,0.18238976654768496,0.2066868010356541,0.23345119473677917,0.26267519074918766,0.2942310589642162,0.3278211091883449,0.36292239504409046,0.39873682322250903,0.43416517383697767,0.4678296035764625,0.49816765273000235,0.5236053141129343,0.542786484176335,0.5548019444804669,0.5593442333114833,0.556733210026582,0.5478071095434233,0.533727512312423,0.5157720417429313,0.4951749816097619,0.473039033559621,0.45030666198641595,0.4277630953965742,0.40604560756458863,0.3856460698907711,0.366906134367719,0.35001141882197584,0.33499220370447125,0.32173556438757567,0.31001007237851985,0.299500854714139,0.2898505565027862,0.28070067857002723,0.2717277697467661,0.2626699549312437,0.2533411310752317,0.24363253834239768,0.2335037834834786,0.2229671554165861,0.2120697767219411,0.2008776585792202,0.18946432404988184,0.1779048503172406,0.16627452811645088,0.1546502815397872,0.14311271287553604,0.131747046265968,0.12064206290343316,10.0
R15L,1,0.0601722289060799,0.07230093402607814,0.0867987210206605,0.1040386253327485,0.12440059346721662,0.1482427904707987,0.17586052940218647,0.20743354157646587,0.24296653960787307,0.2822340760157791,0.32474708800836183,0.36976175490512353,0.4163462714950352,0.46350360945793145,0.5103194335121958,0.5560746126720564,0.6002502737740867,0.6423791399599881,0.6817658168731745,0.7171918674255005,0.7467912584426943,0.7682629711352281,0.7794395653302076,0.7790032411784047,0.7669932861620117,0.7448323854090427,0.7148816888472214,0.6797933538633595,0.6419729953671456,0.6033124580943814,0.5651678495090464,0.5284632182218272,0.49380758920885715,0.46156837620713326,0.43189665853940934,0.4047281154290062,0.37978885251098593,0.35662718685517525,0.33467882723093717,0.31335874944541176,0.2921616875988609,0.270747573236268,0.24899076467758632,0.22698223321352679,0.20498811214901816,0.18338017193837375,0.1625590930586965,0.14288889422834364,0.12465326633887841,0.108036032904957,0.09312169382807028,0.07990914866628103,0.06833169277809927,0.05827797929194304,0.04961068175687799,0.04218136308937074,0.035841283068346046,0.030448569202339324,0.025872467131181246,0.02199542797471391,0.018713702710764755,9.0
R16H,1,0.017357149918852087,0.020659212503623976,0.024609309330399134,0.029335308207322535,0.03498923021951805,0.04175107689999437,0.04983286673799078,0.059482658927790984,0.07098818889424062,0.08467951974711643,0.10092980691158082,0.1201528608447585,0.1427956636613451,0.16932336051400035,0.20019356651678338,0.2358162639321827,0.2764954438007713,0.3223495662157733,0.37321078891429454,0.42850886427115586,0.48715542318853117,0.5474573267446979,0.6070999377983133,0.6632444156638295,0.7127673126760814,0.7526308409778518,0.7803176646596729,0.7942211042940307,0.7938795108084276,0.7799914928813365,0.7542241861284918,0.7188901187654941,0.6765910532272381,0.629908858808383,0.5811844604004628,0.53238933191596,0.4850724123213738,0.440359096960168,0.398982040486996,0.36132957020217693,0.3275028739026207,0.2973766904888871,0.27066020980812056,0.24695579606327656,0.22581340660305763,0.206778514455049,0.18943128240305374,0.17341499055644424,0.15845248540923532,0.14435066931302895,0.13099451411380966,0.11833335229729136,0.10636290766445944,0.09510650999952615,0.0845982798854037,0.07487003911278219,0.0659426188173174,0.05782135339304048,0.05049498810328889,0.04393699516801045,0.038108312157101754,9.0
R16L,1,0.08761136693168645,0.1009755375223949,0.1160038417535326,0.13279420413017745,0.15142313218387674,0.17193997424411675,0.19436134388067797,0.21866535522096822,0.2447847700991946,0.27259767323129036,0.30191418474592946,0.332458366602012,0.3638461565917408,0.395562834831172,0.42694665391437914,0.4571877388810404,0.48535169336244843,0.5104341711444695,0.531445582024154,0.5475154671458287,0.5579972108458296,0.5625497888988352,0.561176926623632,0.5542147106141243,0.5422722663286373,0.5261412400780627,0.5066948470162445,0.4847956982566755,0.4612256171338821,0.4366431737942647,0.4115680999975426,0.38638733753118826,0.36137544301634383,0.3367219919855371,0.3125598035060845,0.2889895699362637,0.2660983267835987,0.24397084414690795,0.222694327641006,0.20235772899172533,0.18304746856279977,0.16484148025018863,0.14780326402184457,0.13197717950772447,0.11738566817877598,0.10402857718503108,0.09188436323380862,0.08091271812447887,0.07105807163745302,0.06225345653719581,0.05442431849486686,0.04749197886812097,0.04137658010611328,0.035999444663419776,0.031284852095285844,0.027161286111484263,0.02356222828647169,0.02042658367324828,0.01769882131429578,0.015328904152296572,0.013272071472937848,10.0
R17H,1,0.042774593463908064,0.04971826412055327,0.05774951633311971,0.06701106951908853,0.07765302272295585,0.08982843787648644,0.10368679501349717,0.11936492796586211,0.1369751988147607,0.15659097912333098,0.17823002267742216,0.20183705560213533,0.2272678250680336,0.2542777741846399,0.282519140225784,0.31155017094813103,0.3408588642208933,0.3699008956749858,0.39814740041575203,0.42513385305846774,0.4504978647523945,0.4739929166767151,0.49546815295153007,0.5148117899339129,0.5318667734481289,0.5463400213381808,0.557737209551284,0.5653579422665546,0.5683750552536082,0.5659943260958566,0.5576544003571137,0.5431997731946646,0.5229620193403177,0.4977204559926175,0.46856396573343223,0.43671100630180576,0.4033475271132033,0.3695186721651731,0.33607971530135405,0.30369131319264087,0.27283853611379116,0.243857578395897,0.21696155692870162,0.1922627457275182,0.16979159610120503,0.14951360340773795,0.13134469884452796,0.1151652739661656,0.10083260231812821,0.088191364380885,0.07708210674565483,0.0673476509725247,0.0588376284544193,0.051411419163381565,0.044939812365082696,0.03930570061868474,0.03440408294715217,0.030141604713650523,0.02643581145725158,0.02321424812492346,0.0204134967063713,10.0
R17L,1,0.05982459678175234,0.0731139450034004,0.08915683779096137,0.10841369347899958,0.13136581506225048,0.15848675695064668,0.19019982334396973,0.22682133743091595,0.26849306237107073,0.31511273309935495,0.3662778917834051,0.42126214488011177,0.47904012123420225,0.5383639771567811,0.5978709670316457,0.6561770929883058,0.7119020704286403,0.7635915802025117,0.8095585228347721,0.8477395081141117,0.8757157733303089,0.8910241596595038,0.8917498800163738,0.8771939286702775,0.8482851083172929,0.8074937382750893,0.7582704311397404,0.7042778023186441,0.6487312209670355,0.5940303072640004,0.5416881155973327,0.49246155739294084,0.446569651560284,0.4039157645956772,0.36426781323918833,0.3273796044833527,0.29305503970865865,0.26116718048312865,0.23164823817699437,0.2044659226717636,0.17959794420212574,0.1570116942030208,0.13665182409197313,0.1184354614947322,0.10225327834311011,0.08797422162632973,0.07545196807632666,0.064531676982394,0.05505614577234339,0.04687090670843732,0.039828110140979325,0.033789232378075004,0.028626751050955766,0.024224975125127828,0.02048022282868412,0.01730052522957222,0.014605007252066541,0.01232306876667872,0.01039346025442696,0.00876332264821974,0.0073872401864822496,10.0
R18H,1,0.014224817317344637,0.016203975557313788,0.018496156549543563,0.021157120200349124,0.02425335427793521,0.027864138502142574,0.032083940933325714,0.0370251535372424,0.04282113985633425,0.04962950904144702,0.05763543474931039,0.06705468819273303,0.0781358319147443,0.09116070365962156,0.10644189332577296,0.12431538732211482,0.14512598008096556,0.1692025811631357,0.19682047470084654,0.22814840135009834,0.2631806763074469,0.301659031049328,0.3429955425212099,0.38621568293243724,0.42994605443631717,0.4724700393892952,0.5118623219894375,0.5461905007935292,0.573746690367618,0.593257058045388,0.6040223484516002,0.6059657171099062,0.5995925022782918,0.5858856476018424,0.566165231753649,0.5419359269909667,0.5147399294289564,0.4860287337214533,0.45706417408524735,0.42885531246841124,0.4021325033036868,0.37735453413930675,0.35474073301411974,0.33431816874521286,0.315974395893354,0.299507919927388,0.28467094622821537,0.2712015000542711,0.2588443389266965,0.2473620041411561,0.2365386893569958,0.22618019862957306,0.2161130799989486,0.20618516047581345,0.1962684347622297,0.18626393292966445,0.17610717295609482,0.16577235013286226,0.15527360385229785,0.14466241117073084,0.13402111562494612,8.0
R18L,1,0.036924599257662914,0.043100875833060076,0.05024257236711869,0.05847307220373173,0.06792159442074613,0.07871984650551839,0.09099739186896533,0.10487564544907621,0.1204605358917142,0.13783404077590197,0.1570449888038195,0.17809968552026526,0.20095299837530853,0.2255004824793574,0.2515719369166074,0.2789265382907541,0.3072495903049156,0.3361511880940616,0.3651678542283299,0.3937692888093034,0.421373189229641,0.447370726054629,0.4711629559889,0.49220429734459475,0.5100445920070541,0.5243586850136313,0.5349541576317113,0.5417543473002533,0.5447628745783074,0.5440234122489683,0.5395904566879863,0.5315220428881526,0.5198958061892558,0.5048400354719508,0.4865658201506577,0.46538712222692086,0.4417214298065971,0.41607119252392066,0.388992035094618,0.361055997336893,0.33281704815061364,0.30478341249117313,0.2773984394589386,0.25102974769729414,0.2259653756110167,0.2024153684636673,0.18051730058860957,0.16034441593914778,0.14191526783159775,0.125203928237818,0.11015002586178643,0.09666806428006881,0.08465565933191085,0.0740005054389249,0.06458602156464595,0.056295732541137865,0.04901651019158206,0.04264083551098088,0.037068255094042636,0.0322061995264701,0.027970315327217013,8.0
R21H,1,0.02521324729360208,0.0281548214762545,0.031473037799521535,0.0352170709417615,0.03944163682705308,0.044207189898931736,0.04957994680824811,0.05563165965471884,0.062439045220961775,0.07008276149201839,0.07864581261103826,0.08821126325028236,0.09885915957712234,0.11066259371377586,0.12368291805651754,0.1379642174069573,0.15352727491916057,0.1703634041464324,0.18842863033738383,0.20763874290773832,0.22786565955623084,0.2489353140365411,0.27062692950061074,0.2926731716679989,0.3147604761741887,0.33652903677536244,0.3575726940787001,0.37744025834976536,0.3956413036180049,0.4116605009500891,0.4249842142292755,0.43514061527198256,0.4417499708630496,0.44457623285583703,0.44356702585190266,0.4388691713633118,0.43081217408328326,0.4198611773099279,0.4065501229077208,0.3914113527207546,0.37491771225075704,0.35744811134769755,0.3392800023608953,0.32060510608273873,0.30155981820516914,0.282259814062845,0.262829323894443,0.24341867666720296,0.22420790729838355,0.20539821724692678,0.18719578997517844,0.16979336048828364,0.1533541775346984,0.13800123850402254,0.12381271891933344,0.11082296669409498,0.0990275529200071,0.08839063296654305,0.07885307600242462,0.07034023794520852,0.0627687024623759,11.0
R21L,1,0.04386670096375244,0.050707135876006726,0.0586510465067195,0.06786837981051218,0.07854934234974545,0.09090402794700027,0.10516053986035294,0.12156091335136256,0.14035395674274756,0.1617839472014307,0.18607399106078293,0.21340287388839244,0.2438745162979585,0.27747989832513714,0.3140527185185532,0.35322225703540405,0.3943698555967815,0.43659864713062413,0.4787286198411386,0.5193291892789978,0.5567974946346456,0.5894818426434393,0.6158373692931028,0.6345889225026219,0.6448697143286982,0.6463075150802412,0.6390429891067699,0.6236822826041504,0.6012009403971132,0.5728233104063573,0.5399000608542586,0.5037995811424397,0.46582127978551807,0.4271330027203574,0.38873154168384705,0.35142365521453484,0.31582421502906316,0.2823675596173125,0.25132788531632294,0.22284465766411196,0.1969495934450096,0.17359260861771908,0.15266504782736856,0.13401933599391785,0.11748482587197404,0.10288003586760253,0.09002170662894769,0.07873120042484158,0.06883877242537165,0.06018619711591997,0.05262816406965494,0.046032782687883425,0.040281465052070996,0.0352683943055467,0.030899734462656002,0.027092695985179844,0.023774538811296587,0.020881569416390387,0.018358169558026056,0.0161558803594072,0.014232555240367286,7.0
R22H,1,0.038707254312962354,0.045585622776225174,0.05368466460185374,0.06321264064181815,0.07440813945886479,0.08754176590511238,0.10291635647071343,0.12086470223192916,0.14174331993139908,0.1659202680741456,0.19375441043411915,0.22556303211964748,0.26157462477054416,0.30186452292336835,0.346273687622545,0.39431617546568265,0.44508914084461904,0.4972095920193792,0.5488108900192071,0.5976324261843159,0.6412204924171832,0.677224510603401,0.7037297674353,0.7195373582749409,0.7243069369306802,0.7185232300014727,0.7033117584070813,0.6801779946438474,0.6507541831779137,0.6166122212450068,0.5791609348913207,0.5396137899422078,0.49899870935741614,0.45818321469286843,0.4178978089466657,0.37875103902661234,0.3412369475080421,0.30573878153119505,0.27253289206806935,0.24179528898264538,0.21361158680762912,0.18798978306603448,0.16487465508356872,0.14416244470443926,0.1257147174050599,0.10937063835934165,0.09495726853059494,0.08229777826099709,0.07121768124504899,0.06154931338531251,0.05313483640930722,0.045828055414226014,0.03949532043401993,0.03401574824031471,0.029280961221980158,0.025194501160967886,0.021671040261212186,0.018635481354270383,0.016022014153429028,0.013773174475771671,0.011838937902360744,7.0
R22L,1,0.029721789475343863,0.03569511246028198,0.04288558204477763,0.051537199593054715,0.06193798160951293,0.07442464515659003,0.08938572599912306,0.10726157969804237,0.12853897125197675,0.15373707186027863,0.183380810794961,0.2179570445614797,0.25784956929060493,0.3032515692756387,0.3540596299908572,0.40976217796009057,0.4693454512271839,0.5312473289951576,0.593387165254641,0.6532841421142143,0.7082517375943025,0.7556351819685101,0.793055723988622,0.8186390122594706,0.8312166039556729,0.8304824911917766,0.8170665558849606,0.7924803760911857,0.7589170125493068,0.7189357455742252,0.6751049094476131,0.6296866409048818,0.5844253068829994,0.5404636653242054,0.49837651051024673,0.45829029925767484,0.4200487680237974,0.38338461459664963,0.3480630390597823,0.31397365384878806,0.2811621473816849,0.24980893354857248,0.2201739199761848,0.19253071868437294,0.16710989578689672,0.1440623920747969,0.1234453392929975,0.105226221685784,0.08929862364002923,0.07550295048202013,0.06364717786214079,0.053524712432945466,0.04492815130577743,0.03765887235057759,0.0315330054031234,0.02638456889598314,0.02206655946237747,0.018450671745547,0.015426177999483582,0.012898353613233372,0.01078671373217077,10.0
R23H,1,0.02650921917588557,0.029566831351050163,0.03302009691360069,0.03692280094520128,0.04133539231709089,0.04632541551844535,0.05196780229426851,0.05834494360763615,0.06554644074229656,0.07366841143860235,0.08281220517690392,0.09308236474561073,0.10458366401612226,0.11741706023037274,0.13167442868819965,0.14743200192144038,0.1647425129635963,0.18362613499249247,0.2040604025695145,0.2259693766380245,0.24921237116257347,0.2735726179607315,0.2987463771136415,0.3243333136625393,0.3498295651684853,0.37462583481857337,0.39801387334754224,0.4192054046745046,0.437367250149226,0.451674505369863,0.46137991891824515,0.46589263174170187,0.4648544775767354,0.45819897286894656,0.4461787163882345,0.4293520280651961,0.4085284500625859,0.3846825600395153,0.3588528806515772,0.33204483596036627,0.3051533009649637,0.2789132568625612,0.253879422270882,0.23042997337544022,0.20878665554044015,0.18904343237697344,0.1711973155678157,0.15517712055983476,0.14086786627705622,0.12813003152029642,0.11681383317594235,0.10676919018257326,0.09785221892411546,0.08992909700649482,0.08287802802090921,0.07658990122312032,0.07096810179621475,0.06592780614658852,0.06139499819711978,0.05730536669754438,0.05360318730011496,11.0
R23L,1,0.029350324672891098,0.034110815074599884,0.039703888774558535,0.04628077534622815,0.05401904111609368,0.06312585622387401,0.0738407725831669,0.08643732349129815,0.10122236900366668,0.11853159401892457,0.13871893422221818,0.1621370457404016,0.18910546714777052,0.21986327321693722,0.25450446701753177,0.2928979542131884,0.3346003616921413,0.3787789128471991,0.42417072009296175,0.46910915107254036,0.5116407431109,0.5497333639576037,0.5815420672843773,0.6056681213981564,0.6213380370390718,0.6284528360779676,0.6275039380347653,0.6193970790476333,0.6052477885404859,0.5862051148970259,0.5633347563439173,0.5375648242798372,0.5096789323480828,0.48033533007488033,0.4500940459879746,0.41944103032843383,0.38880486896849,0.35856590501283364,0.3290595437156321,0.30057594937433957,0.2733580999220134,0.24759973961244822,0.2234443374602472,0.20098573665394648,0.1802707652746565,0.16130370074379344,0.14405218892054794,0.1284540512402202,0.11442437578675105,0.10186235612224406,0.09065747367066525,0.08069477319102229,0.07185912393604285,0.06403847272379598,0.05712617295749969,0.05102251778629113,0.04563562278103061,0.04088180170700067,0.03668556558469891,0.03297935607969053,0.029703103461458907,10.0
R24H,1,0.03296193732844417,0.03769587424444697,0.04318035610796458,0.04953979276431397,0.05691788313971015,0.06547943965319555,0.07541170095591457,0.08692467127490153,0.10024981477161057,0.1156361694080241,0.13334264066088275,0.1536249349785231,0.17671539121696056,0.2027940359981754,0.23194978864473753,0.2641322113119934,0.29909686201865504,0.3363512514250706,0.3751131309683138,0.41429688523881775,0.4525446446631237,0.4883134963856306,0.5200173885848395,0.5462042163575331,0.5657319812176843,0.5779018356331056,0.5825157995245475,0.5798500806198454,0.5705605185939256,0.5555528773099712,0.535852144517974,0.5124948781199995,0.4864547316477542,0.4586001816941227,0.42967765890400156,0.40031186165997956,0.3710159562332048,0.34220604967311585,0.31421603898940964,0.28731050745136616,0.2616947045681797,0.2375217174986274,0.21489761238090707,0.19388556055658143,0.17450984120149632,0.15676027899957604,0.14059729558939488,0.12595744675491133,0.11275913961297693,0.10090817473366928,0.09030280303290864,0.08083808228258249,0.07240942516867861,0.06491532496945837,0.05825931422597278,0.052351254163239505,0.047108071766089686,0.04245406335048467,0.03832087436791683,0.034647250198235405,0.03137863559806349,10.0
R24L,1,0.03572428371888168,0.04289968544505387,0.05153336660391165,0.06191403312955667,0.07437988693692717,0.08932212439576594,0.10718539370338377,0.12846283302750497,0.15368228198373687,0.18337912006511026,0.218050254473267,0.25808372433060817,0.3036603460445873,0.3546293344122837,0.410370273066337,0.4696689972681742,0.5306510173663123,0.5908239188704144,0.6472672894686972,0.6969675727481336,0.7372349350804116,0.766089753894993,0.7825031311091352,0.7864301096057833,0.778657035985017,0.760546344027094,0.7337725368152676,0.7001107085856934,0.6612950868092063,0.6189357298505032,0.574473065913826,0.5291546005472406,0.4840256668635647,0.4399309371439502,0.3975248780459005,0.3572890227314325,0.31955344672040237,0.284519880002467,0.25228443832906466,0.2228586965985145,0.19618848140676573,0.1721702053884844,0.15066480715608613,0.13150946063689084,0.11452724429238315,0.09953496130584982,0.0863492996383461,0.07479152223403417,0.06469088064806698,0.05588694595929724,0.04823104612261997,0.0415869880231419,0.035831226197049,0.030852620194771266,0.026551900842528064,0.022840943962414217,0.01964192976109615,0.016886447935462418,0.014514592985707868,0.012474081359959767,0.010719411744020017,6.0
R25H,1,0.02349974747394856,0.02636719805416643,0.02966211553568205,0.03345833313136859,0.0378429917756901,0.042918602552813975,0.048805171678276374,0.05564221519307357,0.06359037246532287,0.07283215846116586,0.08357116404129994,0.09602871844289876,0.11043668507143034,0.12702472560145572,0.1460001584453689,0.16751867132462392,0.19164494961955142,0.21830415171709272,0.24722842778850146,0.27790729047167523,0.30955573586150964,0.3411175223110926,0.3713198618185269,0.39878709719050953,0.42220438907618957,0.4405023881356434,0.4530191575525186,0.45959540574529417,0.46057656444566053,0.4567239726569303,0.4490643404085799,0.43872007900147547,0.42675948964791893,0.4140904908913936,0.40140370206218157,0.38915755513018746,0.3775923233560104,0.3667602831752167,0.3565627952057524,0.3467892830053559,0.337156304985412,0.3273465208906009,0.3170473641174993,0.30598807930994004,0.2939722111007753,0.2809015348939854,0.2667875761778199,0.2517485498637805,0.23599233960918267,0.21978904365783647,0.2034385685089458,0.1872391249330428,0.17146133493200758,0.15633061019349892,0.1420183054973925,0.12864049422865104,0.11626231757296353,0.10490567006095512,0.0945582756766175,0.08518272496112556,0.07672458609816009,10.0
R25L,1,0.025980157642577356,0.030210069239415074,0.035164977600080825,0.04097089395867243,0.047774280172550185,0.0557443732009675,0.06507523584637445,0.07598718436142149,0.08872707607229861,0.10356672371178118,0.12079844068273259,0.14072643323796438,0.16365249298821788,0.18985430721562918,0.21955486446008657,0.25288213378304175,0.28981973154759727,0.3301519046473556,0.37340985037413754,0.41883061084905254,0.465343144137553,0.5115964721799963,0.5560396385945708,0.5970514636337853,0.6331017457908096,0.6629105193761851,0.6855662705745577,0.7005733743643071,0.7078221645879035,0.7075025640213808,0.7000008674211333,0.6858196751220337,0.6655432661909028,0.6398446340621504,0.6095096783376415,0.5754484678049417,0.5386738040593394,0.5002457555690337,0.46119675327836035,0.42245822162940344,0.38480613243191614,0.348833771193884,0.3149508153759921,0.283401939484411,0.25429626888357443,0.22764001975014989,0.20336701951522157,0.18136427166526442,0.16149166279710933,0.14359613376030514,0.12752124195409725,0.11311321455108206,0.10022451464743017,0.08871575193634694,0.07845655429188714,0.06932582354864465,0.061211646602288845,0.054011023923997856,0.0476295056318489,0.04198078151025385,0.03698624710580343,7.0
R26H,1,0.021804153408603456,0.026199464417101716,0.03146682713832077,0.0377702262005277,0.045299913196071614,0.05427443593740665,0.06494171083913874,0.07757847398140687,0.09248721290662965,0.10998942606941917,0.13041382002575733,0.1540779098012394,0.1812615533376576,0.21217139102006155,0.24689617155080892,0.2853547045663904,0.3272407584221372,0.3719724446428869,0.4186569300411236,0.4660836308121881,0.5127588741062109,0.5569907824892437,0.5970239125078031,0.6312097033824207,0.6581843750664566,0.6770163180733222,0.6872864780633997,0.6890808127969787,0.6829001232478908,0.669519351091804,0.649843531603507,0.6248033744381802,0.5953117127974846,0.562273471742874,0.5266201540674075,0.489334539542407,0.4514425380914955,0.41396871174252864,0.3778689645102021,0.34396115751673834,0.31287149132414444,0.2850058958670038,0.2605468363679576,0.23947029849419788,0.22157592991288808,0.20652425258865564,0.1938768726652862,0.18313740074646165,0.17379170034333605,0.1653460537488953,0.15736124079617006,0.1494799349339786,0.14144476750980758,0.13310518364405613,0.12441272980081955,0.11540625208149503,0.10619006884971537,0.096909033959431,0.08772433964580272,0.07879306101464066,0.0702531753901815,7.0
R26L,1,0.034886147612775226,0.0423068188277095,0.051355485081428794,0.06238836810156837,0.07583231786931714,0.09219308837236162,0.1120607127706278,0.13610900080607005,0.16508482954056222,0.19978142376101224,0.24098858967042247,0.28941249123321167,0.3455588279328699,0.4095769081588609,0.48106862530121175,0.5588765671226213,0.6408820186084501,0.7238707919845827,0.8035610887471804,0.8749082861389437,0.9327527965197896,0.9727216498309611,0.9920980628983829,0.9903082974296752,0.9688489059129729,0.930768070892849,0.8799819859904013,0.820660230533001,0.7567690837424547,0.6917618695662417,0.6283853076684317,0.5685863494160839,0.5135134900602666,0.4636015053707852,0.4187186398239458,0.37834901137471205,0.34178195116627813,0.30828232801120986,0.2772206482855925,0.24814947378048816,0.22082356693162675,0.1951729507640272,0.17124684605311266,0.14914911217803462,0.12898215189463685,0.11080882777986924,0.09463429860042945,0.0804043319867908,0.06801433085851766,0.057323409150438355,0.048169241520445875,0.04038111243777399,0.03379002805914843,0.02823572746588998,0.023570963777343065,0.0196636382703906,0.01639738811126139,0.013671148895656576,0.011398100363343133,0.0095042922555836,0.007927152870508833,12.0
R27H,1,0.0249253165444604,0.02792040891644166,0.03136388056116912,0.03533463613515235,0.03992612281473169,0.04524865073427895,0.05143181271289882,0.05862682754128261,0.06700850753879113,0.07677637340240821,0.08815419586375219,0.10138693008776001,0.11673363995433031,0.13445463876971228,0.15479082014021922,0.1779332342905553,0.20398171146843067,0.23289315564775878,0.26442337724384524,0.29807098757499,0.3330371186284865,0.3682185566277021,0.4022512541928608,0.433613253384504,0.46078038696991575,0.48240886598317534,0.49750445474824484,0.5055370667025073,0.5064751056300036,0.5007393775186816,0.4890996155664465,0.47254729711816673,0.4521744470329733,0.42907550490581403,0.4042765616521464,0.3786886975022602,0.3530802269332434,0.3280638041777628,0.30409582872399443,0.2814861145689287,0.26041545257103926,0.24095818095695093,0.22310672601848464,0.20679543333191167,0.19192173216957348,0.17836351503952663,0.16599236701852987,0.1546828381456755,0.1443182944857226,0.13479403935854303,0.12601841602978608,0.11791253759676137,0.11040918046036634,0.10345125454621842,0.09699014550912584,0.09098412221057887,0.08539692133679193,0.08019656055900512,0.07535439009078218,0.070844366588695,0.06664251941967306,10.0
R27L,1,0.03478844966963402,0.039997299103897384,0.04600184282928196,0.052916398081023615,0.060866970519162296,0.06999019312082821,0.08043101227734252,0.09233862567892225,0.10586008330720827,0.12113090775001838,0.13826212162235352,0.15732325819090645,0.1783213637390019,0.20117676296140233,0.22569749582922338,0.2515557813309095,0.27827136715191725,0.3052076904380726,0.3315867135413059,0.3565264414678544,0.3791012177715534,0.39841950172265506,0.413708477046534,0.42439157376589653,0.4301453899636389,0.4309267455540155,0.4269671781802931,0.4187386945370443,0.4068990066724974,0.3922260914560887,0.3755512398278967,0.3576978622494522,0.3394310483345048,0.3214206597578754,0.3042186987729775,0.2882499289260627,0.27381337115879484,0.26109149768703216,0.2501637503574412,0.24102135439438813,0.23358113471121386,0.2276969985271022,0.223168770262021,0.2197490229251202,0.21714932398575795,0.21504777404146114,0.21309972883256953,0.21095305588705424,0.20826818131423708,0.20474169357088715,0.20013074718065435,0.19427443730515484,0.18710814706348203,0.17866781144950358,0.16908291740585887,0.15855933102252232,0.14735501472765444,0.13575280297026385,0.12403442190739063,0.11245903014477943,0.10124814274570061,6.0
R28H,1,0.039660454609270215,0.04467633806326297,0.05031635170133535,0.0566505104655258,0.06375373199172063,0.07170511992831588,0.08058679145245085,0.09048212112227265,0.10147325700048872,0.11363775499944072,0.12704417905549134,0.1417465355337523,0.15777745999798895,0.17514016518956457,0.19379930422338074,0.21367111541700276,0.23461350246495405,0.25641706044328605,0.2787984539298222,0.3013979181775296,0.32378286614145263,0.345459473028533,0.3658934908144298,0.3845402940591555,0.4008823224753841,0.4144699804073555,0.4249602694433106,0.43214668303226067,0.43597472156917866,0.43653983987392836,0.4340681316151273,0.42888354638061466,0.421367860626826,0.4119203491303645,0.4009231437549174,0.38871617856568647,0.3755831814546127,0.3617480488179548,0.34737950392029265,0.33260126252583083,0.3175048826702808,0.30216285307512897,0.28664007910472794,0.27100260408036875,0.25532305278489204,0.23968283572987115,0.22417156682416084,0.2088844052923241,0.19391813751030593,0.17936678691753202,0.1653174151982361,0.15184659685844226,0.13901785205737507,0.12688014112384285,0.11546737931210438,0.10479883106753023,0.09488018877232351,0.08570512459559188,0.07725711555777783,0.06951137072299483,0.0624367264139262,6.0
R28L,1,0.041970197364144264,0.051016101750002166,0.062076275019104885,0.07559657750820167,0.09211091499477994,0.11225041940962935,0.13674795693457573,0.16643365135718088,0.20221524173367506,0.2450351358650027,0.29579456186688263,0.355235224395924,0.4237715398194893,0.5012729014529558,0.5868061052629989,0.6783638761849494,0.7726294769034294,0.8648649658857381,0.9490581436539922,1.0184829311267478,1.0667407240971152,1.0891058127070488,1.083704787693648,1.0519862630245123,0.9982453809136309,0.9284587503698732,0.8489691867408519,0.7654729071247893,0.6824786750339534,0.6031749197694585,0.5295516241285005,0.462637173403454,0.402757851634324,0.3497708792588837,0.30325098013253576,0.262627410038549,0.2272770517599722,0.19658263377285304,0.16996550235045932,0.14690116580863305,0.12692402722540824,0.10962591325168852,0.09465147447650259,0.08169236538925387,0.07048129132762174,0.06078647255569511,0.052406748513156874,0.04516736254848181,0.03891637722379019,0.0335216350926053,0.028868174544957787,0.024856019132835576,0.0213982726042876,0.01841946590669145,0.0158541145440064,0.01364545425741765,0.01174433015974235,0.010108219613147925,0.008700372784941112,0.007489057386803512,0.0064468959485648,8.0
RC1,total,0.03284111571756316,0.037363398085425506,0.04254103897049502,0.04846733234774976,0.055246564284092005,0.06299428377239205,0.0718371383099367,0.08191209835885342,0.09336486820674247,0.10634726617897186,0.12101336412265118,0.137514214605401,0.15599107112981464,0.176567118702039,0.19933785672711155,0.22436036147445523,0.2516416159135586,0.2811258257574301,0.31268006679078014,0.34607678445588475,0.3809709269630973,0.41686960490859687,0.453094345825662,0.4887415241056215,0.5226556526027125,0.5534404255802878,0.5795370818962564,0.5993894780546842,0.61168468255695,0.6156147117500599,0.611073401684316,0.5987094625711376,0.5798080242355638,0.5560412027500319,0.5291725786178276,0.5007996122862093,0.4721832981234476,0.44417378492191817,0.4172149853111858,0.39140393285352354,0.3665839268695337,0.3424550498474492,0.31868690416248946,0.2950173389974958,0.2713213710787152,0.24763958510178977,0.2241648860445759,0.2011970471172917,0.17908151881352866,0.15814983553984488,0.1386743410943185,0.12084281881838266,0.1047521435386793,0.0904161251877344,0.07778151048985889,0.06674683990565568,0.05718046196598307,0.04893567329446332,0.0418622566036658,0.03581452088333701,0.03065637226538464,10.0
RC2,total,0.0374979942602598,0.0421467302203749,0.04742388133266445,0.05341781417269404,0.06022820802877959,0.0679667741668239,0.07675768693267168,0.08673756322578245,0.09805478268395176,0.11086789571669957,0.1253428259934144,0.1416485458962765,0.15995089629564183,0.1804042416324761,0.20314069464695828,0.2282566915992071,0.2557967027151738,0.28573375543389723,0.31794616925435504,0.3521894808466767,0.38806225002983163,0.42496498906494257,0.462054075649473,0.4981985925696182,0.5319579617295452,0.5616092664189161,0.5852576271338262,0.6010498678495555,0.6074743941387468,0.6036783113784285,0.5896960074904404,0.566494810482696,0.5358090468982524,0.4998192412274082,0.4607870187091292,0.42075189998027873,0.3813483225109378,0.34374586944150753,0.3086801170029965,0.2765318070793255,0.247419658478435,0.2212856357379789,0.19796343968244745,0.17722872591233002,0.1588333953477575,0.14252754350955746,0.12807254247743077,0.11524808939856733,0.10385532898947802,0.09371752984996515,0.08467931416738766,0.07660509672756696,0.06937715282935268,0.06289357611620124,0.05706628258345602,0.05181914865348381,0.04708632716016905,0.04281075721192092,0.03894286677850482,0.0354394568489425,0.03226275070375004,8.0
RC3,total,0.028982687629538945,0.03288563319418559,0.03731789688692768,0.04234686837018231,0.04804633185279984,0.05449621587133187,0.0617819512718791,0.0699933003125521,0.07922249662805843,0.08956151921110697,0.10109832129524743,0.1139118579037343,0.12806581751678742,0.14360107865281743,0.1605270933805981,0.17881264979832062,0.19837676853557512,0.21908079966143812,0.24072302631387651,0.26303714094393,0.2856957270383144,0.30831928703997796,0.3304904462696125,0.351771923227988,0.37172601213960127,0.38993302569183175,0.4060066015100466,0.4196048891509957,0.4304379788832719,0.4382729211545589,0.4429378756450334,0.44432629795076223,0.4424010506564981,0.43719753927319255,0.4288248404811679,0.41746425578368224,0.4033653338848156,0.3868396699915361,0.3682525607653228,0.34801216100493076,0.32655564021049394,0.30433227649398437,0.2817843436181831,0.25932760410437256,0.23733373620930617,0.21611685138977368,0.19592549006637713,0.17694043526366018,0.15927771365113272,0.14299550550342913,0.12810343467965288,0.11457279591340233,0.10234657179575567,0.09134846514073787,0.08149052711491876,0.07267924448627829,0.06482014417552534,0.057821086952620955,0.05159447251881014,0.046058585455850024,0.041138293147908574,7.0
RC4,total,0.044684333322710115,0.05151156434972183,0.059317576305633266,0.06821786711187071,0.07833272419484869,0.08978410118393695,0.1026912203747353,0.11716470995674251,0.13329915554574343,0.15116407183802144,0.17079349088622545,0.19217461725383,0.2152362995055012,0.2398383734160287,0.2657631850582421,0.2927107283713954,0.3202987623446719,0.3480689647707698,0.37549963833927735,0.4020247750406372,0.42705852021482904,0.4500233920092698,0.47038011968327875,0.48765672626827206,0.5014744971369481,0.5115687078336274,0.5178023971782777,0.5201720548372466,0.5188048295036601,0.5139476629895652,0.5059494173882144,0.4952373558890136,0.4822891743709171,0.4676013659462651,0.4516545167360083,0.4348767100119567,0.417607799777077,0.4000695816991506,0.3823488844324921,0.36440095727435606,0.3460779835600095,0.327181738271073,0.3075315909778822,0.28703219883512343,0.265722910543234,0.24379520593241874,0.2215743070836933,0.1994722558903366,0.1779273908869046,0.15734653864480297,0.13806199797599183,0.12030852014382357,0.1042191901228986,0.08983527396807718,0.0771239586800995,0.0659986791481378,0.05633835180219145,0.048003510305288336,0.04084864583830009,0.03473088611989629,0.02951556933149179,10.0
RC5,total,0.052302016266693487,0.0598319380507453,0.06839455300158727,0.07810598262784524,0.08908590791722545,0.10145404593125504,0.1153252895136699,0.13080332772314382,0.14797264185770298,0.16688890279051155,0.1875679844478822,0.2099740492068127,0.23400743176525,0.25949331002496323,0.2861723550608715,0.3136946502203823,0.34161813575406547,0.36941267920057186,0.3964706336899765,0.42212446907761714,0.44567174159449646,0.4664072229407837,0.483661292971494,0.4968425952729314,0.5054815173973397,0.5092696192355906,0.508089271236353,0.5020280888277584,0.4913745778221346,0.47659450042781015,0.4582910271203133,0.4371546771300411,0.413910484567444,0.38926944522269963,0.3638894413568551,0.33834827213746305,0.31312894957797466,0.288615615413048,0.26509749090462936,0.24277808760536612,0.22178722934152978,0.20219399626750872,0.18401929820168836,0.1672473007093645,0.151835319678406,0.1377220695478437,0.12483431877632745,0.11309210036487348,0.10241266908119798,0.09271340873116275,0.08391388526947932,0.07593722338436806,0.06871096105962682,0.062167512091629726,0.0562443428212568,0.05088394770658646,0.0460336894554295,0.041645553475452186,0.03767585332179769,0.03408491339464161,0.030836747036383973,8.0
RC6,total,0.025700668500036203,0.029628841272283896,0.034138290805792046,0.03930654318746904,0.045218255731142465,0.05196468394318361,0.059642616282349716,0.06835261999668214,0.07819643299913552,0.08927334783709677,0.10167547581621432,0.11548186491221532,0.13075158483894705,0.1475160893922559,0.16577140708440397,0.1854709589487934,0.20651999079591352,0.22877264574813225,0.2520324997855663,0.2760568871547716,0.30056459540672453,0.3252456828718082,0.34977155299423596,0.37380332923279835,0.39699721301866364,0.41900681158826353,0.4394840013846978,0.4580811179785965,0.47445750273804754,0.4882923416172314,0.49930345404831894,0.5072689141672382,0.5120461357516785,0.5135823191770447,0.5119115022081575,0.507136745945071,0.49940041537118696,0.48884984262531933,0.4756085380494606,0.4597633332150163,0.4413746091490349,0.42051014978095025,0.3972946588325107,0.37195964571188067,0.3448758557189151,0.3165548291855393,0.2876163278989947,0.2587298669811111,0.2305462835308213,0.20363629501363686,0.1784481044846282,0.1552885539730119,0.13432557948025126,0.1156057665480999,0.09907983711504133,0.08462999124807047,0.07209500128968399,0.061290920435290275,0.05202677104892115,0.04411551691475336,0.037381085451022894,9.0
RC7,total,0.03320911768821653,0.037493312482050456,0.042362579826896576,0.047898033877609235,0.054191124287277265,0.0613444723831985,0.0694725798947519,0.07870231860716449,0.08917308152164163,0.10103644390790506,0.11445514598584694,0.12960116715847306,0.14665261214136033,0.16578906543363495,0.1871849790143396,0.21100051634251388,0.23736905297623118,0.2663802033500099,0.29805681578410076,0.33232397651416895,0.36896804167667285,0.4075847898997688,0.4475190570292366,0.4878048026511473,0.5271245358266972,0.5638175926148185,0.595970750733541,0.6216120701869257,0.6389938764752675,0.6469023583543948,0.6448962787894017,0.6333858399633113,0.6135207299544445,0.5869331647447691,0.5554314465290519,0.5207378939243683,0.484324291048691,0.44734971358697806,0.4106739308859031,0.37491036519300347,0.34048878594394055,0.30770977549227935,0.2767839067136342,0.2478558737435416,0.22101741217740956,0.19631369266417303,0.17374711978622728,0.15328107679490766,0.13484477712520954,0.11833935584193044,0.1036447508317694,0.09062672197932459,0.07914340846670512,0.06905100055911625,0.060208306095243684,0.0524801670535411,0.045739805250120114,0.0398702474604721,0.034765008946222954,0.0303282136428754,0.026474311213363265,9.0
RC8,total,0.051441937592072405,0.05858958843851173,0.06671943642462734,0.07595020873299689,0.08640830589537003,0.09822591077995037,0.11153818762589729,0.12647943870617664,0.14317813921599895,0.1617508583017489,0.18229519403889485,0.20488198927546195,0.2295472240776731,0.2562840518532698,0.2850353997951841,0.31568733002574384,0.3480629183069578,0.3819157666124597,0.4169215227379583,0.45266515546409475,0.4886216218577825,0.5241285883344343,0.5583528733147795,0.5902580523447861,0.6185890876641782,0.6418984107575267,0.6586404715922367,0.6673499118247429,0.6668875658671582,0.6566966780530124,0.6369829596551888,0.6087425891054796,0.5736163091534066,0.5336171269572171,0.4908224666248132,0.44711774319332437,0.4040392878868307,0.36271946556464335,0.32390773798529027,0.2880332860545445,0.25528074267542455,0.2256614014112693,0.19907191407089328,0.1753388040636183,0.15425031135587908,0.1355781830631891,0.11909201978220252,0.10456834472275353,0.09179603512185408,0.08057929339026722,0.07073897968841891,0.06211287134950496,0.05455523621070709,0.047935984577991905,0.04213958076228162,0.03706383737306137,0.03261867536658396,0.02872490462795198,0.025313059945871706,0.02232231317520612,0.01969947251759812,10.0
R11H,total,0.021961485178734783,0.025171162230477887,0.0288529605949815,0.033069605424095226,0.037889224547865134,0.04338470618680683,0.04963258098260561,0.056711323328546316,0.06469898641586767,0.07367013184324814,0.08369209655202203,0.09482076226604554,0.10709615244621205,0.12053836255921115,0.135144497644552,0.15088739727667935,0.16771691622101606,0.1855643555979496,0.2043502942691419,0.22399558983922793,0.2444347742519997,0.26563052549586647,0.2875873595427301,0.3103620715056767,0.3340676262291809,0.3588660885088107,0.3849449771254247,0.4124707651867382,0.4415143766366568,0.47194824717697176,0.5033246323236095,0.5347606571003541,0.5648733645896323,0.5918177691908224,0.6134683599610367,0.6277406226276819,0.6329844052128091,0.6283295615527064,0.6138647284025432,0.5905915418839701,0.5601855184407039,0.5246600020468437,0.4860415244770768,0.44613139060721363,0.4063785832290968,0.36784955538488995,0.3312619486098505,0.29704880689772906,0.2654288390680723,0.23646906155683858,0.21013459361589548,0.18632543443325833,0.1649023334062101,0.145704425128451,0.12856102832362634,0.11329946184823737,0.09975019037000471,0.08775018113539446,0.07714504609391894,0.06779034002734934,0.0595522567709296,15.0
R11L,total,0.060412571690059216,0.06874216732587804,0.07818515020661815,0.08886259510422279,0.100897256931848,0.11440903851969433,0.1295090366978421,0.14629218852770862,0.16482876353416154,0.18515524309319337,0.2072654472084203,0.23110300897220684,0.25655629575140726,0.28345643959581107,0.31157812241790717,0.3406412079182114,0.37030962486549224,0.4001829611911138,0.4297772888066952,0.4584960045839868,0.4855991698844857,0.5101890172152893,0.5312351009735934,0.547658285380527,0.5584739803980306,0.5629657133380987,0.5608351301865595,0.5522723891406393,0.5379186776188725,0.5187364182540414,0.49583662963447306,0.47031912586332286,0.44316230637593634,0.4151716731177777,0.3869754547807194,0.35904764485266377,0.3317406862058768,0.3053163486723839,0.2799696761707095,0.25584525895922255,0.23304731460429456,0.2116457180261874,0.19167990157745132,0.1731619811322499,0.15607987203713092,0.14040068954820145,0.12607442425902884,0.11303772828529436,0.10121760316055792,0.0905348028613509,0.0809068196605691,0.0722503819148521,0.0644834470676361,0.05752671377207678,0.051304703079012186,0.0457464719732592,0.04078602622681157,0.03636249671657163,0.03242013671929336,0.028908189288750347,0.02578066503866838,13.0
R12H,total,0.019598596091954586,0.022435234638395363,0.025679400200222573,0.02938614807329831,0.033616512357819685,0.038437634854426604,0.043922697258739714,0.05015058564180752,0.05720520764313327,0.06517437990900982,0.0741482105668917,0.08421692472935861,0.0954681268183525,0.10798356817926678,0.12183559557997599,0.13708359281618027,0.15377087917435148,0.17192266305285195,0.19154571340140641,0.2126303323479972,0.23515490619151555,0.25909270871115336,0.2844197073465518,0.3111209393979807,0.3391917500922247,0.3686290966460377,0.39940760638567696,0.4314356427551109,0.4644890016047986,0.4981250430078645,0.5315891314390964,0.563738249285029,0.593020339313849,0.6175536365066007,0.6353353081087875,0.6445655414525275,0.6440129708543971,0.6333038157694747,0.6130266760376047,0.5846130820988493,0.5500433725373899,0.5114861267284606,0.47098077033730473,0.43022994912108975,0.3905139269848602,0.352700583047675,0.3173103640027544,0.2846001132507633,0.25464247205047025,0.22739018622140092,0.20272331069714558,0.18048164731978678,0.16048605287869103,0.1425519849787153,0.1264978547593923,0.11214996496558478,0.09934521361999267,0.08793234347174125,0.07777226197272488,0.06873779106030214,0.06071309298170875,14.0
R12L,total,0.0340342706775738,0.03967277722794394,0.0462192767968785,0.053804453346240635,0.06257166020330594,0.07267598494886947,0.08428243282685749,0.09756300227188337,0.11269239741998913,0.1298420791712464,0.14917228660783735,0.17082155983271033,0.19489318555628035,0.22143794322931368,0.2504327022626553,0.2817550234937002,0.3151551471191529,0.35022861710853126,0.3863949222769276,0.42288907299095885,0.45877288618320156,0.4929702283684105,0.5243260155032279,0.5516841076533597,0.5739763301268564,0.5903142346835579,0.6000752805057947,0.6029736635080715,0.5991030795538358,0.5889376670268395,0.5732825045470117,0.5531770991035266,0.5297695603725515,0.5041882233258779,0.47743661408266597,0.45032789814944774,0.42346175832729277,0.39723588577106184,0.37187906142202537,0.3474929843429208,0.32409343168290117,0.30164559537108987,0.28009187711344546,0.25937239829946995,0.23943914774152647,0.22026459727914507,0.201845347241007,0.18420129993316003,0.16737108993271224,0.1514048831411269,0.13635596017904042,0.12227254653269098,0.10919109985525677,0.09713180117290506,0.0860964726871664,0.07606870033147822,0.06701565533272398,0.058890999388895415,0.05163828794023305,0.045194400277355946,0.039492671317340064,15.0
R13H,total,0.03598921227146563,0.041488532503270684,0.04779560986049934,0.05501481669107542,0.06325883568850646,0.07264744869855115,0.08330548938178797,0.09535971663473038,0.10893433271518214,0.12414484827116712,0.1410899981423067,0.15984145633250538,0.18043121529719733,0.20283672439823633,0.22696427427526356,0.2526317128989914,0.2795523968650108,0.3073232482680055,0.33542069400547886,0.36320872574565605,0.38996281622316736,0.4149114841857081,0.43729379279009484,0.4564265516772676,0.4717708095992487,0.48298513301820173,0.4899545424470335,0.4927889489400709,0.4917920456169321,0.48740837911653273,0.4801604098224606,0.4705876551811959,0.45919699143184367,0.44642850932796907,0.4326368768452551,0.4180853115679922,0.40294844893496523,0.38732120731538544,0.37123228493642585,0.35466216374385845,0.33756569493510724,0.3198982929792429,0.30164291578545077,0.28283332423654917,0.26356865870203655,0.24401573220008127,0.22439832999839318,0.2049761324939497,0.18601831835566143,0.1677776043264032,0.15046942913581438,0.13425888675789005,0.11925578097121523,0.10551650483731827,0.09305061689717586,0.08182989842792947,0.07179806016927039,0.06287983832761626,0.05498877505656866,0.048033414296576774,0.041921933414330356,14.0
R13L,total,0.03443390716234385,0.04016413930658026,0.04685423296556557,0.05465524383372255,0.06373655760973938,0.0742858523325516,0.0865080655469042,0.10062302355493023,0.11686135586919404,0.13545829677310167,0.15664495978712886,0.18063663959005496,0.20761762080923538,0.2377218362983049,0.27100855332259216,0.30743221750148264,0.34680594694049377,0.3887593694022825,0.4326939511205321,0.47774280829451193,0.5227466957686763,0.5662618886280569,0.6066163198591771,0.6420243652396619,0.6707562531706495,0.6913378934835758,0.7027395594344059,0.7045078928027136,0.6968093744728324,0.6803781640686195,0.6563853220829522,0.6262623913990224,0.5915189425544737,0.5535910994606407,0.513745680138172,0.47304495194723667,0.43235784736769695,0.3923933305939187,0.35373352210678066,0.3168542893675487,0.2821322348671804,0.24984401932917094,0.22016539407804106,0.1931749448685299,0.1688640480534532,0.1471518264724363,0.1279026378164325,0.11094360710264474,0.09608036879567386,0.08311001290488826,0.07183093645434227,0.06204977862755948,0.053585872186703846,0.04627373173607453,0.03996408404154711,0.03452387776375359,0.02983562380870357,0.025796332822390914,0.022316242689468958,0.019317469426814927,0.016732669323885212,14.0
R14H,total,0.028197876618449223,0.032649509579392035,0.037788586589101815,0.04370872779880985,0.0505106788114745,0.05830051055145966,0.06718672946136997,0.07727606072998712,0.08866772858290241,0.10144620056318664,0.11567261440657499,0.13137547979149297,0.14854172141196076,0.1671096229367304,0.18696558292982912,0.20794657146067214,0.22984953259319119,0.2524475660735108,0.2755106408287717,0.29882629316314374,0.32221401412061734,0.34552672310106064,0.3686345662933873,0.3913905332012816,0.4135837140697077,0.43489330657735165,0.4548624816749394,0.47291235078423244,0.4884084945055666,0.5007742794043486,0.5096215028194938,0.5148521570190685,0.5166885219748917,0.5156151080307142,0.5122520560790859,0.5072049661402833,0.5009384718973091,0.49370374856173316,0.4855268241223758,0.476246788974419,0.4655849420581726,0.45322559039494786,0.4388927672795155,0.4224117330258515,0.4037485989834197,0.3830255538344664,0.3605129116127232,0.3366022908806857,0.3117673066487393,0.28651896152368217,0.26136247358467146,0.23676084016895252,0.21310842463780802,0.19071572365287368,0.16980462893679008,0.1505122140197339,0.13290045324144514,0.11696925054542083,0.10267054230937007,0.08992183161169352,0.07861813202197573,15.0
R14L,total,0.056930734026143875,0.06539264336168059,0.07486090872874997,0.08538675183804471,0.097009787907626,0.10975740217483684,0.12364581393130347,0.13868304879707904,0.15487364971381468,0.17222446571342054,0.1907503869142769,0.21047859567681254,0.23144989373515565,0.25371595930710483,0.2773318788282777,0.3023437996929734,0.3287718999068932,0.3565890233723498,0.3856953980120333,0.4158900764010195,0.446840417779609,0.4780523740124843,0.5088467630800566,0.5383499720953134,0.5655106621013812,0.5891548188544692,0.6080867121506274,0.621230682583612,0.62778995217209,0.6273818843094972,0.620105951870892,0.606518151729161,0.5875182033374562,0.5641866875601881,0.5376217768100312,0.5088153417065124,0.47858575910489326,0.44756377369231404,0.4162164291977186,0.3848918645330835,0.3538698439496178,0.323405688142277,0.29375845692202157,0.26519888660473706,0.23799859759712855,0.2124075022290276,0.18862886753453267,0.16680032545836573,0.1469854141671896,0.12917604546781652,0.113303288133738,0.09925263698448808,0.08688019579850664,0.07602724615333582,0.0665318723344755,0.05823728830881046,0.05099713869430825,0.04467835017658815,0.03916218511911319,0.0343440916489194,0.03013282867885244,15.0
R15H,total,0.025361273558654213,0.02922439028915086,0.033664333958634426,0.03876119643095463,0.044604151454447134,0.051291897682692336,0.05893295112974061,0.06764572146663526,0.07755827940028118,0.088807676426451,0.10153860191332088,0.11590104131357304,0.13204641935489084,0.15012146787930675,0.1702587682522038,0.1925626514425772,0.2170890493894779,0.24381825751462058,0.27262080377445025,0.3032191902769362,0.33515241038241295,0.36775526286092863,0.400168446690046,0.4313943163756499,0.4604028498491786,0.4862723230646177,0.5083267289821974,0.5262214659340426,0.5399422596241193,0.5497172090107497,0.5558793555137026,0.5587353031284799,0.5584858766310803,0.5552169350988975,0.5489490603531919,0.5397162320861182,0.5276394723773727,0.5129693663068711,0.4960862566019212,0.47746283561308334,0.45760532095593176,0.4369931249911622,0.41603315504217026,0.39503681405552565,0.37421944651213274,0.353716215950837,0.33360609014188214,0.31393617634796234,0.29474094156387154,0.2760537564972569,0.25791087401186963,0.24034985025897876,0.22340528701146856,0.20710464384927818,0.19146600414140583,0.17649848606224486,0.16220488552293147,0.1485854268027288,0.1356413028906032,0.12337695240522581,0.11180055775454795,15.0
R15L,total,0.05276710402199468,0.06295245202729031,0.07503185914751391,0.08929221916791838,0.10602825515319295,0.12552395794034213,0.14802611067977364,0.1737103342063511,0.20264267313752954,0.23474340498825114,0.26976357454570454,0.30728659980468775,0.3467640665857162,0.3875839808885752,0.42915204349598474,0.47094848042107407,0.5125163531500527,0.5533538744656947,0.5927267833303079,0.6294757530734677,0.6619385898280873,0.688096897779695,0.7059655919923546,0.7141000201612382,0.71199601277482,0.7001980262337083,0.6800958463297923,0.6535513674644158,0.6225375291781902,0.5888968563451153,0.554226998220462,0.5198457097272634,0.4867856510493836,0.45579251480659944,0.4273225345110765,0.40154711896655765,0.3783741190622597,0.3574914031725575,0.3384324140447366,0.32065707277178873,0.30363615215130424,0.286924704068925,0.27021176824216814,0.25333948366527465,0.23629284042227988,0.2191683485799044,0.20213320355825015,0.1853855453425612,0.1691226379281078,0.15351948066985158,0.13871715777885116,0.12481866484160346,0.11188969574521292,0.09996230706070089,0.08903998908248353,0.07910319801054647,0.07011477261942543,0.06202489701876792,0.054775425466996146,0.04830349044092724,0.04254438947798483,15.0
R16H,total,0.017769574563994642,0.020734548538946945,0.02421977664796252,0.028319119133323817,0.03314299519792872,0.03882087831369997,0.04550392416777084,0.05336759641330283,0.06261406410192602,0.07347401415867072,0.08620734128385021,0.10110193537612472,0.11846947649625085,0.13863677573695962,0.16193080174672225,0.1886551973989352,0.21905600708507567,0.2532748390270345,0.2912892959426995,0.33284385377135317,0.3773799005492577,0.42398096058742385,0.4713560111201598,0.5178856803968708,0.561747296456579,0.6011124428039023,0.6343802587418219,0.6603859885993347,0.67852379953501,0.6887508545042631,0.6914832136490645,0.6874304732192242,0.6774282762587779,0.6623146972519195,0.6428693338339577,0.619807060049308,0.5938017708958413,0.565512443548764,0.5355921847575273,0.5046747429360057,0.47334539298905615,0.44210930373698626,0.41136950635437614,0.38142090329329015,0.3524601608867133,0.32460663787071514,0.2979276973911398,0.2724623639449474,0.2482392635962498,0.22528713084616445,0.2036382017857625,0.18332618834646375,0.16438114518986255,0.14682348768089815,0.13065890489608667,0.11587518975668394,0.10244130579765881,0.09030847582168237,0.07941276892155714,0.06967856186890681,0.06102230000204108,16.0
R16L,total,0.06350787611527506,0.0735012362037661,0.08483613533845807,0.09762615506630536,0.11197930246728964,0.12799505752366253,0.14576134858922035,0.16535111559172347,0.18681774523201916,0.210188320991957,0.2354535269282126,0.2625534194994338,0.29135931718783237,0.3216537411913023,0.35311234499978794,0.38529341146039764,0.41764084037889226,0.44950474075229796,0.48017951938502473,0.5089535843310764,0.5351595628735566,0.5582119342927161,0.577622011558578,0.5929879143547805,0.6039668369148565,0.6102446660867765,0.6115206225700356,0.607520682955218,0.5980437992068821,0.5830320326940421,0.5626440049187645,0.5373056114088668,0.5077163638800775,0.4748034895320761,0.43963344995383224,0.40330382632212625,0.36684190242629733,0.33112975419284774,0.29686404156875085,0.26454790297675024,0.2345060046518406,0.2069123324049328,0.18182211171938392,0.15920226327168385,0.13895760355615816,0.12095196425392712,0.10502449702784887,0.09100188443134999,0.07870726122699623,0.06796656657197757,0.0586129155803269,0.05048945382412469,0.043451057634289206,0.03736516637181665,0.03211197442713344,0.027584164830147643,0.02368632898406705,0.020334185825291364,0.017453687444591942,0.014980076253626831,0.012856940740663575,16.0
R17H,total,0.03095891893174934,0.03593722557435271,0.04169621108634321,0.04834079278303756,0.05598263525603973,0.06473755072860762,0.07472154070326467,0.0860452251805733,0.09880650471891533,0.11308150509276599,0.12891419496336298,0.14630555459730854,0.16520377360325794,0.18549755762686312,0.2070150208715828,0.22953054109185445,0.2527810509037543,0.27649135681316483,0.300405344547058,0.32431690730964025,0.34809207964406996,0.3716732809897646,0.39505865326120476,0.41825454580056154,0.44120684921626524,0.46372580673367175,0.4854266597540474,0.5057111687064957,0.5238083601156542,0.5388749251339683,0.5501312143122371,0.5569899476977297,0.5591349260658968,0.5565293653879785,0.5493655310745935,0.5379893287017313,0.5228338335799358,0.5043788082718375,0.48313327949916707,0.45962729650462014,0.434400094149382,0.4079802236291323,0.38086161338655666,0.35348325035942935,0.3262186262028319,0.2993766159131418,0.2732110389585255,0.24793374689207653,0.2237261309489248,0.20074578320615746,0.1791275506778845,0.15898035093881085,0.14038224300965016,0.12337626256523326,0.1079687485665788,0.09413080339205165,0.08180257584107789,0.070899474394448,0.06131923831505797,0.05294891427531024,0.04567106077077005,15.0
R17L,total,0.04403441507455272,0.053835163069322074,0.06568716048373409,0.07994653191182309,0.09699416818070189,0.11721877043871047,0.140990916229053,0.16862784822537652,0.20035111036168934,0.23624276668101737,0.2762099360981106,0.3199697741776267,0.3670648568283903,0.41690962908612517,0.46885268801012364,0.5222230817649793,0.5763223007078586,0.630337972231477,0.6831937150557927,0.7334015172382853,0.7790214160134725,0.817821055401201,0.8476414563897539,0.8668442220371811,0.8746324683337797,0.8710915166862507,0.8569644153041577,0.8333270563443415,0.8013435734056645,0.7621802188927878,0.7170390462015764,0.6672211186378708,0.6141475740576805,0.5593155566452371,0.5042064332278788,0.4501804224920862,0.39838829573095924,0.3497176144034183,0.30477706459308224,0.2639126532518097,0.22724500046896803,0.19471668827482075,0.1661408337701672,0.14124511549655094,0.11970832186628569,0.10118861150413627,0.08534399563722486,0.07184621026142585,0.06038934802500912,0.050694557161834276,0.0425119276725524,0.035620461273379624,0.029826808581584673,0.024963274977601015,0.02088545071402407,0.017469708807085926,0.014610730833011247,0.012219160217450453,0.010219439721017546,0.008547860219037006,0.007150828065867033,15.0
R18H,total,0.012723915157640958,0.014566595257637668,0.016701240808733923,0.019177805902969216,0.02205518238189899,0.025402761664981302,0.029302213290662626,0.033849473254579245,0.039156907965365854,0.04535557471308404,0.05259742865830402,0.061057218638188894,0.07093365651091463,0.08244922403463399,0.09584768887592897,0.11138804393906206,0.1293332024247931,0.14993147841979113,0.17338886201029005,0.19983068794294548,0.22925293205828592,0.2614664519673593,0.29604206049932685,0.3322695623530106,0.36914768200515896,0.40542097496064516,0.43967158207578755,0.47045833837650636,0.4964785191032854,0.5167170611644046,0.5305509821296265,0.5377917995887619,0.538667431505325,0.533757936608744,0.5239031454023307,0.5100979499852968,0.4933877226943928,0.47477428178892334,0.45514122023820563,0.4352047557942366,0.41549223692141446,0.3963460271774308,0.3779469813964151,0.36034989088317443,0.34352316524779036,0.3273862218610423,0.31184001547004886,0.29678836072371784,0.2821497913469509,0.26786137713308317,0.2538769938452015,0.24016292519388657,0.22669340219910908,0.21344790297428531,0.20041098525789755,0.18757438358914955,0.17494032562644501,0.16252467282924168,0.15035860621127592,0.13848806193572205,0.12697078280957466,12.0
R18L,total,0.040049803861360804,0.045734801550682866,0.0522386022061937,0.059669585426518935,0.0681457008598194,0.07779366477329414,0.08874759743072061,0.10114705753411012,0.11513448349481009,0.13085211293679047,0.14843849784277402,0.16802472297106957,0.18973031703425633,0.2136585698859972,0.23989051607661338,0.2684762648083318,0.29942179529076857,0.3326690419627469,0.3680673776042983,0.40533577673256765,0.4440172626140678,0.4834308641814245,0.5226311764924033,0.5603910916372569,0.5952274251504278,0.6254882513150264,0.6495101018219105,0.6658307812985362,0.6734151475705057,0.6718315634997947,0.6613219356439893,0.642741943864957,0.6173944819859899,0.5868130628030369,0.5525569642381631,0.5160597681070482,0.4785441561708589,0.4409936844426242,0.40416261024197103,0.36860525446435266,0.334711506656815,0.302740750849389,0.27285080071970313,0.24512108194193363,0.21957064681351846,0.1961721078412112,0.1748625951007272,0.155552628617389,0.13813351625137896,0.12248363599164437,0.10847378223373622,0.09597165401196758,0.08484552357452431,0.07496712318692335,0.06621380556993077,0.05847005394075993,0.05162843288391524,0.04559007815844524,0.04026482232963782,0.03557104571431483,0.03143533091375379,13.0
R21H,total,0.02391861682533437,0.026668998531963688,0.029762791487332015,0.033243543387722514,0.03715955803273314,0.041564047048201457,0.04651513118507454,0.05207562603405901,0.05831253286404747,0.06529614233542694,0.0730986498546033,0.081792180367496,0.09144613267746049,0.10212378482667463,0.113878157980608,0.12674721893941857,0.14074860695268485,0.15587418512081,0.17208481427047517,0.18930579117445223,0.2074233450099844,0.22628242364568155,0.24568574224001608,0.2653937889710295,0.2851253276781424,0.30455807648421906,0.3233298036834162,0.3410410505125489,0.35726180746538805,0.37154520782157174,0.38345096268006323,0.3925792744275851,0.39861233209770336,0.40135618041896726,0.4007726517435271,0.3969911860549721,0.39029463266162984,0.38108036831185066,0.3698053944429822,0.3569284353098947,0.3428619140224466,0.3279426298329806,0.31242400778006246,0.2964871186430334,0.2802637539030774,0.26386328482918653,0.2473957512954703,0.23098606523737703,0.21477750777238547,0.1989258435930145,0.1835875169679613,0.1689061107394296,0.15500066325156148,0.14195806622056445,0.12983023640576724,0.11863554216568602,0.10836328288630585,0.09897983944731756,0.09043528185759911,0.08266955526390837,0.07561772597700579,14.0
R21L,total,0.02730088130342905,0.03157354995360726,0.036539372340381536,0.04230659756443552,0.04899702724682631,0.05674612895922813,0.06570233097838006,0.07602510199281944,0.08788130993272954,0.10143924737739156,0.11685963548367827,0.13428292385612925,0.1538123673448564,0.17549278669054255,0.19928572381261633,0.22504296633027712,0.2524821032636433,0.28116961263438706,0.3105183620196731,0.3398063959774875,0.36822151279179777,0.3949309472865032,0.41916823842615547,0.44032234032816814,0.45801037257524957,0.47211750229029836,0.4827952737400521,0.4904203491963221,0.4955247843086501,0.49871335321630966,0.5005824547122413,0.5016506034956967,0.502305163363533,0.5027659443663789,0.5030645287705785,0.5030386327277786,0.5023425609550639,0.5004763479341902,0.49683580404864464,0.49078243741865485,0.4817267643572581,0.469213149419641,0.4529917380473473,0.43306467295266565,0.40969890653173513,0.3834044319911311,0.3548826910195964,0.32495433202692064,0.29447814752285656,0.2642736654736929,0.23505818937166248,0.20740524810466707,0.1817264522531988,0.158274164888252,0.13715940324214956,0.11837840873003301,0.10184199690132499,0.08740338276331405,0.07488195447801954,0.06408197426623598,0.054806231342907304,12.0
R22H,total,0.024274868080006767,0.028585906364588184,0.033663110806147284,0.03963799619224464,0.04666164776750962,0.05490605335223083,0.06456463562050262,0.07585139778373444,0.08899783884480757,0.10424647642581227,0.12183946612138423,0.1420005121591646,0.16490820569830597,0.19065942141910472,0.21922291229156676,0.2503862780402528,0.28370429955399284,0.31846264226578663,0.3536759964715306,0.3881399251675795,0.4205466332793672,0.449655075508031,0.4744806999437041,0.4944523958650879,0.5094871853185009,0.5199598932990711,0.5265830087062693,0.5302408615303548,0.5318285204405071,0.5321310138435968,0.5317550029696171,0.5311056207332102,0.5303918999221308,0.5296443309023112,0.5287337302075398,0.5273879259898867,0.5252091233414933,0.521698503385561,0.5162945846551573,0.5084280247059617,0.49758921392926353,0.483398879753881,0.46566875889878384,0.44444051743640167,0.419995665416034,0.39283508775695425,0.36363211892813374,0.33316703677416043,0.3022533291065454,0.27166688426051544,0.2420879809805623,0.2140626324226468,0.1879853474378702,0.1641011145737196,0.14252157678464553,0.12324938587498853,0.106205298328029,0.09125401270695467,0.07822638234030911,0.06693702669521802,0.05719733225603671,12.0
R22L,total,0.02258755649442428,0.027145710297623585,0.03263725777887152,0.03925098433587031,0.04721053155161316,0.05677858497984689,0.06826015752600538,0.08200391733817465,0.098399991182637,0.11787205732764493,0.14086093922215973,0.1677965846898446,0.1990557367818699,0.23490444625757562,0.2754285175006526,0.3204611570807702,0.3695242493411044,0.42180449705437273,0.47618342531757846,0.5313278469504167,0.5858275028118781,0.6383485948131851,0.6877655209149456,0.7332386210724272,0.7742134326605822,0.8103213395448794,0.8411756635584265,0.8661034252541805,0.883927320526665,0.8929582075972174,0.8912969243065559,0.8773694917499385,0.8504585314809188,0.8110002256390213,0.7605774475322978,0.7016819561799815,0.6373424742291933,0.5706940801755073,0.5045744889169106,0.4412411298430469,0.3822598230760251,0.32854472148746494,0.28048447441927155,0.2380898511360458,0.20112368966659416,0.16919999057644916,0.14185400342041907,0.118590090858098,0.0989138218819771,0.08235293823303026,0.06847027791274292,0.05687078105896325,0.04720417800459637,0.03916464216230859,0.03248844566474971,0.026950432903425824,0.022359920970158355,0.0185564551612983,0.015405699509800072,0.012795628619479764,0.010633105074969907,14.0
R23H,total,0.022395861414749564,0.025049364307773055,0.028054317595280338,0.03145947526046004,0.03531982090004925,0.03969703983449229,0.04465989125252117,0.05028441550355879,0.05665389288184367,0.06385844987098412,0.07199418852970518,0.0811616971906418,0.09146378963396792,0.10300231983536398,0.1158739346361302,0.1301646600873405,0.1459432682517697,0.1632534344942337,0.18210476083663343,0.20246279878143578,0.22423825502447198,0.2472756299550193,0.2713416823998183,0.2961144276421997,0.32117394862210374,0.34599714420868705,0.369959496601933,0.3923476319664943,0.4123863219680527,0.42928209878587165,0.442282617743228,0.4507466660322447,0.4542153180233445,0.45247169580445856,0.4455766352720715,0.43387113208292066,0.417943264010216,0.3985653675437949,0.37661377793447265,0.35298614531643674,0.3285296370947973,0.3039885029605682,0.2799737346875862,0.2569528485212766,0.23525510412422898,0.21508670128905044,0.19655105278431378,0.17967041309066964,0.1644064192627097,0.15067818391910662,0.13837737381870333,0.127380222808779,0.11755672269520441,0.10877737492818765,0.1009179258307034,0.09386249041701299,0.0875054235732835,0.0817522409666295,0.07651983630175915,0.07173619192951859,0.06733973833708477,14.0
R23L,total,0.0258013557124349,0.03000870643536835,0.03495603451445191,0.040778891960425084,0.047636860197365384,0.05571673871439703,0.06523542624871177,0.07644193724578797,0.0896176739955102,0.1050736412098004,0.12314275623512798,0.14416484424146464,0.168461492158972,0.19629801642863218,0.22783093463080648,0.2630422204607523,0.3016668132671876,0.3431270987434245,0.3864954360652322,0.43050910317712204,0.47365583216501744,0.5143291534249993,0.5510247783699033,0.5825248894724141,0.6080126603188694,0.6270826812235605,0.6396555406607005,0.6458446434756882,0.6458391872331181,0.6398516861124105,0.6281411244562015,0.6110836941078434,0.5892416446848255,0.5633862678520744,0.5344576923712344,0.5034752574320727,0.47143110280337647,0.4391997693658048,0.40748325416607156,0.3767945253441594,0.3474709690582743,0.3197050154253606,0.293580476939349,0.2691068526349949,0.24624764547345335,0.2249415161609948,0.20511670553108283,0.18669988282486324,0.16962077138908108,0.15381383121604186,0.13921809313791877,0.12577601715362816,0.11343202115660807,0.10213111415843605,0.09181788269131891,0.08243592986755231,0.07392775850474331,0.06623502230931057,0.059299037053023175,0.05306143864217744,0.047464887701958974,12.0
R24H,total,0.028827368935857176,0.03299635002438742,0.03783229604868617,0.043447493332615966,0.04997223967668207,0.05755681432139434,0.0663731216065892,0.07661564145487297,0.08850114508343217,0.10226641216137966,0.11816292559742199,0.13644725593842924,0.15736565380552245,0.18113138170007,0.207893746151856,0.23769890875077668,0.270444616976838,0.305834069112025,0.3433378016133746,0.38217557398703006,0.421330711677448,0.4596050252034714,0.49571231685235456,0.5283948339354944,0.5565358475756179,0.5792402902147877,0.5958678056944834,0.6060241311416555,0.6095354511012612,0.6064340254851232,0.5969685761988255,0.5816286768703298,0.5611549081262278,0.536507881316142,0.5087884909342731,0.47912596416996456,0.44856454041694716,0.41797761391443394,0.388024473559559,0.3591489380568525,0.3316085194862689,0.3055192850911206,0.2809034560879124,0.25773100815125893,0.23595088658915442,0.21551086039517173,0.19636727762254547,0.17848717807762352,0.1618455898053923,0.14642061242921936,0.1321883015290189,0.11911863283564839,0.10717312597193666,0.09630416447296841,0.0864557091488229,0.07756495272259675,0.06956445707803931,0.062384392365669956,0.055954609190733605,0.0502063862131954,0.04507378678882957,12.0
R24L,total,0.021248214359825292,0.025621804249974997,0.03090621305478143,0.03728772071956731,0.044987005262118844,0.054263098037588456,0.06541631459959439,0.078789076846382,0.09476304054033598,0.11375037532366566,0.13617655475085091,0.16245190684026556,0.1929299749483439,0.22785315581983565,0.2672907549758674,0.3110814459457745,0.35879933289034494,0.40976611833342336,0.46312538558076627,0.5179749678865693,0.5735236569452121,0.629212729591059,0.6847377246879298,0.7399287598429086,0.7944897811256462,0.8476433599653868,0.8977714492995166,0.9421851244239898,0.9771837907914427,0.9985288047302041,1.0023075364877099,0.9859365955765725,0.9489106230697988,0.8930030495860668,0.8219076259703443,0.740531983054287,0.6541836531209086,0.5678189540279366,0.48547511070809846,0.4099685500542441,0.3428727171986836,0.2847075057970406,0.23523038977709365,0.19373097567456646,0.15927120807643352,0.13085315264078556,0.10752098203594831,0.08841354940303457,0.07278440601868584,0.060002662608984694,0.049543931721209515,0.0409771052082389,0.03395024362613225,0.028177261610305163,0.023426144658212654,0.019508906584018184,0.016273228772841482,0.013595602919076862,0.011375760380926915,0.009532173684302515,0.007998436578414616,13.0
R25H,total,0.02080376945336403,0.023294115813840898,0.02614018286326022,0.029400459296272413,0.03314353995357413,0.037449639115738724,0.04241214354734944,0.04813907888615105,0.0547542779624522,0.06239791814424666,0.07122592941797899,0.0814075637539234,0.09312017131626613,0.10653998970567388,0.12182760491782793,0.1391068413433773,0.15843641594579136,0.17977503431899103,0.20294294811235716,0.2275862991376408,0.25315422367230256,0.2789012085352574,0.303926374447364,0.3272551594700818,0.34795703822205404,0.3652785546525636,0.37876037511737337,0.38830682853059706,0.39418876174008866,0.3969809159484781,0.3974541100639212,0.39645197464721915,0.3947793437385328,0.39311850367415396,0.39197692167792664,0.39166110155374195,0.39226782233478236,0.3936854092163794,0.39560183515319375,0.39752129572844475,0.39879470960640934,0.3986708318811901,0.39637198885245173,0.39119135525778365,0.3825986726982182,0.37033239330880324,0.3544537860505443,0.33534597785246945,0.3136565140643324,0.2901990145157414,0.26584000053851314,0.24139701860402088,0.21756564408917192,0.1948812458700939,0.17371169576988743,0.1542720124183366,0.13665102313605715,0.12084189600905261,0.10677112889115535,0.09432314145478471,0.08335950155630464,14.0
R25L,total,0.018941764587905658,0.02217095341643333,0.025972862095453936,0.03044984707991243,0.03572153853597006,0.04192709464254336,0.04922740630670104,0.057807042151396794,0.06787561296236175,0.07966808775395084,0.0934434079347478,0.10948052754688271,0.12807077766446245,0.14950525931321765,0.17405589736912377,0.20194897020576946,0.23333054037684528,0.268224430519716,0.3064853192351054,0.34775206688505744,0.39140905856404407,0.4365652972602545,0.4820610808470133,0.5265094599169642,0.5683742151933567,0.606078843799567,0.6381338508872617,0.6632644623794138,0.6805192562407086,0.6893431595447143,0.689605799450225,0.6815863507463656,0.6659246618524886,0.6435516013480775,0.6156088367557293,0.5833634381938119,0.5481204096803981,0.5111378590049974,0.47355251105478613,0.43632414156571603,0.4002048156800552,0.36573379997422034,0.3332540856100689,0.3029434220587343,0.2748520952752762,0.24894083803148273,0.2251143088681656,0.20324772505933258,0.18320601056219385,0.16485604414939375,0.14807327794876418,0.13274424603593712,0.11876642724966656,0.10604669014004918,0.09449923327899747,0.08404361610354395,0.07460320138945664,0.06610412317851751,0.05847475728747241,0.0516455967519661,0.04554940690393552,14.0
R26H,total,0.014924851036214262,0.018042363412627962,0.021813216654586555,0.026371554349403192,0.031876931960354085,0.038517931348230824,0.0465156387946304,0.05612655309731095,0.06764424752839784,0.08139878064887772,0.09775242918076008,0.11708981605405047,0.13979998913307753,0.16624761716600386,0.19673049537962461,0.23142147537687213,0.2702954349205643,0.313046707934035,0.35900977555994323,0.4071048462759857,0.4558365887901769,0.5033724613260264,0.5477106248547021,0.5869163663688682,0.619372227944548,0.6439716913615734,0.6602045020468298,0.668126530543687,0.6682505946421592,0.6614106310494446,0.6486371837042645,0.6310565177697616,0.6098091814564576,0.5859818741330046,0.5605513697651967,0.5343425763274894,0.5080026869397634,0.48199218391799425,0.4565928090330822,0.4319318520226248,0.4080201379881808,0.38479812815277986,0.3621820545656714,0.34010154997142333,0.31852244773614824,0.29745269080405884,0.2769340365446595,0.2570257092744636,0.23778718551240774,0.2192658439807626,0.20149220649019978,0.18448229578471367,0.16824438157501387,0.15278660391699417,0.138122532470286,0.12427309215929393,0.11126479551749963,0.09912534981332058,0.08787821231548085,0.07753758416467096,0.06810487142865838,13.0
R26L,total,0.030580749065528923,0.037100247751542983,0.045052679877428926,0.05475226408902116,0.06657585239445386,0.08097050540090873,0.09845868386622292,0.11963852149514789,0.1451754848709169,0.17578045947854656,0.21216823705319918,0.2549900446596817,0.3047348190012831,0.3615970040454272,0.425314166822532,0.4949863899396612,0.568903424449538,0.6444286834315219,0.718020001121538,0.7854845430251388,0.8425232405085017,0.8854867856270381,0.9120972484194594,0.9218347906112229,0.9158400778717929,0.8964354148536585,0.8665149710357364,0.8290173007604348,0.78656875103749,0.7412944197883719,0.6947632727718168,0.6480318574346888,0.6017488779505271,0.5562807943072563,0.5118259474086099,0.4685013801833385,0.4264026366812006,0.38564361449207757,0.34638097795624884,0.30882246204559866,0.273217054033896,0.23982879337363494,0.20890138862144347,0.18062381248526194,0.15510574036350763,0.13236734174923973,0.11234306004468635,0.09489564407947952,0.07983548894427951,0.06694086365552199,0.05597598221767012,0.046705361896897044,0.03890408542978473,0.03236431848268332,0.0268987831111406,0.022341970549530486,0.018549808213450866,0.01539836231597863,0.012782012016216678,0.010611400691699307,0.008811365076833149,14.0
R27H,total,0.01928101404277922,0.021674481589650265,0.024431708971208534,0.027616391169009935,0.03130380282089024,0.03558263190202955,0.040556903614796073,0.046347868355650836,0.053095637980248404,0.06096022567980384,0.07012146809308087,0.08077708057706921,0.09313782827277353,0.10741852471436324,0.12382338157335011,0.14252428249129923,0.16363107724487616,0.1871542836924147,0.21296289467851542,0.24074330674462435,0.2699691336867901,0.29989441484459517,0.32958231460716625,0.35797579814125197,0.38400565916601537,0.40671762237703163,0.42539006803589013,0.4396134099845424,0.4493132762427533,0.454717806912778,0.4562857651270859,0.4546193662518788,0.450382329664174,0.4442340190596453,0.436780905206471,0.42854104758169054,0.41991645368336844,0.41117040844832353,0.402410218644684,0.3935790057349868,0.38446243267876007,0.3747167050087777,0.3639217157599754,0.35165708513602684,0.3375900229193697,0.32155580976866716,0.30360908753938787,0.2840303257057621,0.26328542555465667,0.24195135484183355,0.22062985738925514,0.19987113067337028,0.18012170353281487,0.16170055457771712,0.14479938519482355,0.1294989606696636,0.11579316382303476,0.10361429752836457,0.09285568333531538,0.08338977812039493,0.0750815139163836,14.0
R27L,total,0.018828584499031183,0.02190595477360841,0.025520591085289826,0.02976888437853535,0.03476360458985227,0.040635924361691174,0.04753725671263913,0.05564060976378772,0.06514100439017032,0.07625428755954342,0.08921339923456276,0.10426082145690135,0.12163559227149572,0.14155300173192137,0.16417510314957823,0.1895708244503593,0.21766627780699876,0.24818942790242604,0.2806188447899606,0.3141529632351142,0.34772113534117655,0.38005563335098624,0.4098296482966717,0.43584080146610876,0.45719362893350907,0.473425963213506,0.48454431562781647,0.4909726012351526,0.4934500656342112,0.492917099181661,0.49040599436212384,0.4869315103373528,0.483373131662798,0.4803564565625019,0.47815904491250616,0.47667109005909464,0.47542972967801195,0.4737241033934534,0.4707463134398491,0.4657498333652427,0.45817669960849083,0.4477279071782656,0.43437187763533347,0.418304443334665,0.399883224751762,0.37955820505977655,0.35781273828098986,0.3351206876538251,0.3119194252973801,0.28859570423845615,0.26548087779949436,0.24285228798708539,0.2209381281561735,0.19992354970814766,0.1799563358406691,0.16115117146719402,0.14359230125883177,0.12733499394372558,0.11240656105125695,0.09880767566694705,0.08651448904585793,13.0
R28H,total,0.02256665994623566,0.02575857396591517,0.029415424066821263,0.03360451067839229,0.038402020263361224,0.04389380244075654,0.05017605151628057,0.05735580905598237,0.06555117290543618,0.07489105845671185,0.08551430869899315,0.09756788970667284,0.11120383772156504,0.12657454498156964,0.14382589029836643,0.16308765148829327,0.1844606087713916,0.20799981334750767,0.23369374066297857,0.26143960406139105,0.291016137504258,0.3220568141405743,0.3540287454716993,0.3862250067929733,0.4177798018259634,0.44771495337636147,0.475020820641035,0.49876438516434624,0.518204479304757,0.532884879953201,0.5426768379182373,0.5477559867019861,0.548519758472662,0.545470856461182,0.5391016779639451,0.529811343801731,0.5178740922230574,0.5034603556607808,0.48669505086106973,0.4677265528124327,0.4467787657560574,0.4241685947835999,0.4002874927461838,0.3755603944674588,0.3504013882183461,0.3251816726975063,0.30021596048047244,0.27576449069731107,0.25204309036252537,0.22923377153153776,0.20749132987882346,0.1869449530809966,0.16769633478931475,0.14981671123183457,0.13334490783721037,0.11828754688945113,0.10462159957783647,0.09229879272817929,0.08125108111355021,0.0713963960040796,0.06264405183419222,14.0
R28L,total,0.029856267897937987,0.036342075354195875,0.04427666762245863,0.053981406607575916,0.06584196616979343,0.0803159354141166,0.09793780450444405,0.1193186505538917,0.14513664912771432,0.17611326994771362,0.21296902933812417,0.25635255603855167,0.3067382173384812,0.36429129497598345,0.4287060696301989,0.4990316967168878,0.5735153676225042,0.6495152421241994,0.7235647749081072,0.7916821790439624,0.8499652206184991,0.8953615504675161,0.9263257389235601,0.943032327038535,0.9470107836607962,0.9403815949133028,0.9250599342750806,0.9022462211230329,0.872336100572331,0.8351985717052931,0.7906559117579911,0.7389576047755345,0.6810694577293765,0.6186898158441659,0.5540213950679113,0.4894144396732869,0.4270176742230704,0.36853383713808924,0.31511286813507816,0.26736383088776133,0.22544204284562153,0.1891672755206083,0.158140912764048,0.1318444725121838,0.10971341651926346,0.09118722313456001,0.07573996609285152,0.0628964528722147,0.05223850900885765,0.04340504383320657,0.03608853635728496,0.030029730726013747,0.0250116823917197,0.02085383610917026,0.01740650806201824,0.014545947125977038,0.012170030419464184,0.010194579854886447,0.008550250772452493,0.007179928223615869,0.006036562734267338,13.0
