index,total_num,au_total_num,Level_1a,Level_1b,Level_1c,Level_2,Level_3,Level_4,Level_5,Level_6,Argumentative,Description,Exposition,Instruction,Multiple,Narrative,Transactional,Educational,Multiple ,Occupational,Personal,Public,Assess_quality_and_credibility,Corroborate_and_handle_conflict,Integrate_and_generate_inferences,Reflect_on_content_and_form,Represent_literal_meaning,Scan_and_locate,Search_and_select_relevant_text,Complex_Multiple_Choice ,Open_Response ,Simple_Multiple_Choice ,-3.00,-2.90,-2.80,-2.70,-2.60,-2.50,-2.40,-2.30,-2.20,-2.10,-2.00,-1.90,-1.80,-1.70,-1.60,-1.50,-1.40,-1.30,-1.20,-1.10,-1.00,-0.90,-0.80,-0.70,-0.60,-0.50,-0.40,-0.30,-0.20,-0.10,0.00,0.10,0.20,0.30,0.40,0.50,0.60,0.70,0.80,0.90,1.00,1.10,1.20,1.30,1.40,1.50,1.60,1.70,1.80,1.90,2.00,2.10,2.20,2.30,2.40,2.50,2.60,2.70,2.80,2.90,3.00,theta_0,theta_1,theta_2,theta_3,theta_4,theta_5,theta_6,theta_7,theta_8,theta_9,theta_10,theta_11,theta_12,theta_13,theta_14,theta_15,theta_16,theta_17,theta_18,theta_19,theta_20,theta_21,theta_22,theta_23,theta_24,theta_25,theta_26,theta_27,theta_28,theta_29,theta_30,theta_31,theta_32,theta_33,theta_34,theta_35,theta_36,theta_37,theta_38,theta_39,theta_40,theta_41,theta_42,theta_43,theta_44,theta_45,theta_46,theta_47,theta_48,theta_49,theta_50,theta_51,theta_52,theta_53,theta_54,theta_55,theta_56,theta_57,theta_58,theta_59,theta_60
C1_1,5,4,0,0,0,3,2,0,0,0,1,0,0,0,0,0,0,0,0,0,0,1,0,0,0,1,1,1,0,1,1,3,0.1979936,0.222207111,0.249714495,0.28099837,0.31661073,0.357180467,0.403420528,0.456134136,0.516219259,0.584670263,0.662575336,0.751107933,0.851509979,0.965063986,1.093050357,1.236684816,1.397028859,1.574863138,1.770509756,1.983585824,2.212670143,2.454874006,2.705335497,2.956714251,3.198851216,3.418850643,3.601875782,3.732836675,3.798837095,3.791818634,3.71053472,3.561073479,3.355675795,3.110284819,2.841702643,2.565203227,2.293073931,2.034118344,1.793869194,1.575181308,1.37893343,1.204673565,1.051136136,0.916619721,0.799243859,0.697112811,0.608412994,0.53146568,0.464750815,0.406912951,0.356756614,0.31323585,0.275440948,0.242584179,0.213985663,0.189059991,0.167303928,0.148285338,0.131633354,0.11702974,0.104201377,0.193800408,0.216804335,0.24275397,0.272032214,0.305063116,0.342311617,0.384280935,0.431506605,0.484545908,0.543961247,0.610295793,0.68403975,0.765585715,0.855172241,0.952815748,1.058232744,1.170756753,1.289257523,1.412073484,1.53697145,1.661149138,1.781295074,1.893715669,1.99453056,2.079925318,2.146437777,2.191243735,2.212403088,2.209030678,2.181367183,2.130741671,2.059434848,1.970466423,1.867338551,1.753769107,1.633444563,1.509814393,1.385939542,1.264398391,1.147246314,1.036019909,0.931774511,0.835143179,0.74640661,0.665565443,0.592408878,0.526575779,0.467606355,0.414983945,0.3681674,0.326615099,0.28980192,0.257230503,0.22843807,0.202999908,0.180530426,0.160682534,0.143145919,0.127644631,0.113934325,0.101799356
C1_2,5,5,1,0,0,1,2,0,1,0,0,0,1,0,1,0,0,1,0,0,0,0,0,1,1,1,0,0,0,0,1,4,0.130417557,0.15142687,0.175695894,0.203674954,0.235854913,0.272762371,0.314950855,0.362986848,0.417429423,0.478802399,0.547558305,0.624034213,0.708400733,0.800607201,0.90032821,1.006918799,1.1193873,1.23639512,1.356290912,1.47718202,1.597039127,1.713822043,1.825607961,1.93070099,2.02770531,2.115553613,2.193495037,2.261058105,2.318009731,2.364328483,2.400199297,2.426021147,2.442404447,2.450127209,2.450023144,2.442792896,2.42875905,2.407619505,2.378280659,2.33885802,2.286905839,2.219876934,2.135732905,2.033553669,1.913969851,1.77928304,1.633235867,1.480504791,1.326064373,1.174585404,1.029986797,0.895192338,0.772080487,0.661577073,0.563829442,0.478408408,0.404500692,0.341071395,0.286989212,0.241115469,0.202362345,0.130417557,0.15142687,0.175695894,0.203674954,0.235854913,0.272762371,0.314950855,0.362986848,0.417429423,0.478802399,0.547558305,0.624034213,0.708400733,0.800607201,0.90032821,1.006918799,1.1193873,1.23639512,1.356290912,1.47718202,1.597039127,1.713822043,1.825607961,1.93070099,2.02770531,2.115553613,2.193495037,2.261058105,2.318009731,2.364328483,2.400199297,2.426021147,2.442404447,2.450127209,2.450023144,2.442792896,2.42875905,2.407619505,2.378280659,2.33885802,2.286905839,2.219876934,2.135732905,2.033553669,1.913969851,1.77928304,1.633235867,1.480504791,1.326064373,1.174585404,1.029986797,0.895192338,0.772080487,0.661577073,0.563829442,0.478408408,0.404500692,0.341071395,0.286989212,0.241115469,0.202362345
C1_3,4,4,0,0,0,1,2,1,0,0,0,1,1,0,0,0,0,0,0,0,0,1,0,0,0,0,1,0,1,0,0,4,0.100888459,0.115232701,0.131548723,0.150083935,0.171109389,0.194919785,0.221832691,0.252186732,0.286338474,0.324657732,0.367520977,0.415302571,0.468363531,0.527037603,0.591614454,0.662319831,0.739292617,0.822558692,0.912001586,1.007329964,1.108042232,1.213389103,1.322336016,1.433528973,1.545269607,1.655507691,1.761860975,1.861671956,1.952107794,2.030302591,2.093531789,2.139399081,2.166010774,2.172113664,2.157180376,2.121437818,2.065844688,1.992029078,1.902196184,1.799011979,1.685465644,1.564714414,1.439919024,1.314083143,1.18991285,1.069710423,0.955311084,0.848064011,0.748852179,0.658141251,0.576046143,0.502404648,0.436849728,0.378874826,0.327889092,0.283261513,0.24435432,0.210546889,0.181251727,0.155924183,0.134067424,0.100888459,0.115232701,0.131548723,0.150083935,0.171109389,0.194919785,0.221832691,0.252186732,0.286338474,0.324657732,0.367520977,0.415302571,0.468363531,0.527037603,0.591614454,0.662319831,0.739292617,0.822558692,0.912001586,1.007329964,1.108042232,1.213389103,1.322336016,1.433528973,1.545269607,1.655507691,1.761860975,1.861671956,1.952107794,2.030302591,2.093531789,2.139399081,2.166010774,2.172113664,2.157180376,2.121437818,2.065844688,1.992029078,1.902196184,1.799011979,1.685465644,1.564714414,1.439919024,1.314083143,1.18991285,1.069710423,0.955311084,0.848064011,0.748852179,0.658141251,0.576046143,0.502404648,0.436849728,0.378874826,0.327889092,0.283261513,0.24435432,0.210546889,0.181251727,0.155924183,0.134067424
C1_4,3,3,1,0,0,0,1,1,0,0,1,0,0,0,0,0,0,1,0,0,0,0,0,0,0,1,1,0,0,1,0,2,0.101990354,0.114966731,0.129676555,0.146344144,0.165214934,0.186553726,0.210640968,0.23776637,0.268219002,0.302272903,0.340167272,0.382080434,0.428097192,0.478169947,0.5320752,0.589368717,0.649344762,0.711006905,0.773059598,0.833930022,0.891827857,0.944845906,0.991097108,1.02887449,1.056812478,1.074023489,1.080185236,1.075562268,1.060958059,1.037607857,1.00703334,0.970885005,0.93079658,0.888269111,0.844593507,0.800811973,0.757712649,0.715848612,0.675571742,0.637073148,0.600423838,0.565611521,0.532571381,0.501210086,0.471423303,0.443107537,0.416167346,0.390519035,0.366091817,0.342827287,0.320677899,0.299604924,0.279576275,0.26056443,0.242544598,0.225493199,0.20938669,0.19420072,0.179909581,0.166485915,0.153900628,0.101990354,0.114966731,0.129676555,0.146344144,0.165214934,0.186553726,0.210640968,0.23776637,0.268219002,0.302272903,0.340167272,0.382080434,0.428097192,0.478169947,0.5320752,0.589368717,0.649344762,0.711006905,0.773059598,0.833930022,0.891827857,0.944845906,0.991097108,1.02887449,1.056812478,1.074023489,1.080185236,1.075562268,1.060958059,1.037607857,1.00703334,0.970885005,0.93079658,0.888269111,0.844593507,0.800811973,0.757712649,0.715848612,0.675571742,0.637073148,0.600423838,0.565611521,0.532571381,0.501210086,0.471423303,0.443107537,0.416167346,0.390519035,0.366091817,0.342827287,0.320677899,0.299604924,0.279576275,0.26056443,0.242544598,0.225493199,0.20938669,0.19420072,0.179909581,0.166485915,0.153900628
C1_5,5,4,2,0,0,1,2,0,0,0,0,0,1,0,0,0,0,1,0,0,0,0,0,0,1,0,1,0,0,0,1,4,0.316425776,0.363688774,0.417479869,0.478503717,0.547472329,0.625078641,0.711961348,0.808660252,0.915562133,1.03283832,1.160376604,1.29771196,1.443962262,1.597776533,1.757303641,1.920188485,2.083600324,2.244294528,2.398705471,2.54306573,2.673546076,2.786411877,2.878193236,2.945866273,2.987039661,3.000133465,2.984528934,2.940662443,2.870038564,2.775148146,2.659294877,2.526352412,2.380487296,2.225886451,2.066522024,1.905974205,1.747318948,1.593076312,1.445208186,1.305151552,1.173873997,1.051940449,0.939583004,0.83676832,0.743259254,0.658669019,0.582507204,0.514217767,0.453209536,0.398879982,0.350633183,0.307892863,0.270111414,0.236775667,0.207410145,0.181578383,0.158882826,0.138963708,0.121497246,0.106193392,0.092793348,0.246237257,0.28350539,0.325890793,0.373905992,0.428048252,0.488772205,0.556454574,0.631350745,0.713543878,0.802888549,0.898952726,1.000963804,1.10776636,1.217800571,1.329110329,1.439388325,1.546061534,1.646414777,1.737743333,1.817519335,1.883552721,1.934126948,1.968093085,1.984912509,1.984646756,1.967901143,1.935734918,1.889553701,1.83099969,1.761851923,1.683944003,1.599101518,1.509097182,1.415619238,1.320248216,1.224438083,1.129499708,1.036586316,0.946681903,0.860594077,0.778952547,0.702213814,0.630671825,0.564473589,0.503638348,0.448078683,0.397622047,0.35203145,0.311024373,0.274289315,0.24149972,0.212325236,0.186440464,0.163531464,0.143300319,0.125468093,0.109776502,0.095988589,0.083888638,0.073281556,0.063991878
S1_1,5,3,0,0,0,1,1,2,1,0,0,0,1,0,0,0,0,0,0,0,0,1,0,0,1,0,1,0,0,1,2,2,0.063947744,0.074269686,0.08626447,0.100193676,0.116354441,0.13508204,0.156751739,0.181779479,0.210620889,0.243768034,0.281743334,0.325090192,0.374360205,0.430097446,0.49282131,0.563010852,0.641095376,0.727457988,0.822460406,0.926497585,1.040088483,1.164003069,1.299414397,1.448047646,1.612276572,1.795094602,1.999868503,2.229776644,2.486856131,2.770654474,3.076623149,3.394605201,3.708005987,3.994359188,4.227812872,4.383442158,4.442401836,4.396253703,4.248875089,4.015277332,3.717923877,3.381999022,3.0311499,2.684663969,2.356302102,2.054459846,1.783109533,1.543017505,1.332895618,1.15032093,0.992385121,0.856105737,0.738657455,0.6374818,0.550322461,0.475219609,0.410484676,0.354668141,0.306527,0.264994963,0.229156447,0.06275339,0.07272707,0.08427191,0.097619773,0.113029392,0.130786425,0.151202034,0.174609361,0.201357127,0.231799417,0.266280678,0.305114935,0.348558475,0.39677571,0.449798838,0.507483262,0.569462533,0.635108742,0.703506323,0.773448596,0.843466148,0.911893458,0.976974669,1.037001336,1.090466014,1.136208259,1.173526784,1.202235141,1.222648233,1.235500784,1.241812573,1.242724992,1.239336854,1.232564537,1.223044282,1.211085485,1.196675329,1.179528512,1.159171194,1.135045651,1.106620858,1.073494552,1.035474045,0.992626486,0.945293966,0.894074254,0.839772955,0.783336518,0.725777126,0.668099965,0.611241121,0.556021172,0.503116318,0.453046105,0.406175034,0.362724413,0.32279071,0.286367125,0.253365741,0.223638466,0.196995614
S1_10,5,4,1,0,0,1,3,0,0,0,0,0,0,0,0,1,0,0,0,0,0,1,0,0,1,1,1,0,0,0,1,4,0.145595846,0.169518849,0.197633669,0.230697009,0.269592947,0.315346245,0.369132046,0.432278453,0.506256891,0.592653212,0.693110494,0.809232771,0.942438674,1.09375646,1.263559211,1.45125291,1.654951108,1.871195152,2.094800613,2.318915672,2.535352684,2.735195472,2.909606352,3.050690889,3.152259541,3.210364486,3.223562195,3.192914193,3.121763638,3.015323852,2.880116659,2.723319848,2.552111641,2.373109782,2.19198005,2.013242632,1.840256836,1.675333417,1.519915126,1.374774951,1.240198474,1.116133831,1.002305526,0.898295849,0.803600713,0.717667053,0.639917742,0.569768455,0.506639448,0.449964078,0.399195135,0.353809573,0.313311957,0.277236829,0.245150131,0.216649807,0.191365717,0.168958982,0.149120878,0.131571407,0.11605762,0.131429463,0.152041628,0.176079394,0.20412609,0.236855251,0.275037036,0.319540337,0.371327342,0.431435987,0.50094416,0.58090806,0.672266167,0.775700978,0.891454335,1.019100708,1.157297679,1.303553972,1.454078973,1.603794509,1.74658567,1.87582861,1.985156556,2.069329592,2.125000354,2.151162708,2.149152796,2.122213341,2.074768093,2.011622642,1.937289285,1.855552724,1.769297428,1.680545816,1.590624358,1.500376825,1.410365272,1.321025733,1.232768122,1.146024887,1.061260687,0.978957403,0.899587413,0.823584899,0.751321479,0.68308932,0.619092553,0.559446244,0.504181376,0.453254002,0.40655684,0.363931825,0.325182522,0.290085626,0.258401113,0.229880819,0.20427542,0.181339895,0.160837618,0.142543284,0.126244834,0.111744592
S1_11,6,5,1,0,0,2,1,2,0,0,1,0,0,0,1,1,0,0,0,0,0,1,0,0,1,1,1,0,0,2,1,3,0.140403644,0.163105558,0.189451717,0.219999171,0.255377195,0.296291512,0.343526631,0.397945296,0.460483772,0.532141415,0.613962677,0.707009471,0.812321633,0.930863147,1.063451859,1.210670573,1.372757761,1.549476752,1.739963607,1.94255695,2.154619386,2.372371797,2.590779551,2.80355082,3.003322216,3.182099454,3.331973538,3.446042488,3.519360343,3.549663516,3.537645763,3.486681359,3.402080844,3.290114134,3.157080827,3.008640009,2.849483229,2.683312318,2.51301258,2.340899171,2.168942404,1.998921323,1.832494668,1.671204707,1.516440781,1.369389375,1.230990843,1.101914232,0.982553742,0.873044822,0.773294862,0.683022552,0.60180042,0.529096296,0.464310804,0.406809304,0.35594771,0.311092311,0.271634183,0.236998959,0.206652841,0.131198223,0.151613666,0.175108742,0.202102929,0.233055439,0.268462344,0.308850599,0.354767925,0.406767425,0.465385712,0.531113493,0.604357854,0.685396245,0.774323307,0.870993392,0.974963734,1.085445628,1.201272991,1.320898736,1.442428345,1.563696253,1.682383756,1.796167952,1.902881771,2.000658342,2.088031946,2.163974214,2.227857626,2.279355415,2.318302961,2.344555919,2.35788156,2.357911762,2.344170979,2.31617417,2.273572793,2.216315606,2.144787876,2.059898192,1.963094569,1.856307326,1.741831032,1.622168056,1.499860167,1.377332447,1.256767282,1.140017884,1.028562909,0.923497739,0.825554487,0.735141545,0.652393985,0.577227659,0.509391728,0.448516225,0.394152868,0.345808492,0.30297132,0.265130748,0.231791572,0.202483654
S1_12,4,1,1,0,0,1,2,0,0,0,0,0,1,0,0,0,0,0,0,0,0,1,0,0,1,0,1,0,0,0,3,1,0.066144129,0.078684637,0.093571081,0.111224817,0.13213511,0.156866984,0.186068806,0.220479067,0.260931725,0.308359239,0.363792359,0.428355547,0.503256789,0.589770311,0.689210191,0.802891792,0.932075848,1.077886642,1.24119113,1.422421309,1.621321069,1.836607035,2.065558206,2.30359643,2.543983319,2.777813546,2.994483572,3.182712492,3.331985613,3.43406217,3.484081008,3.480921183,3.426790255,3.326333419,3.18568399,3.011759395,2.811867315,2.593497116,2.364126052,2.130944111,1.900509414,1.678414105,1.469046001,1.275493439,1.099592938,0.942085078,0.802830748,0.681043625,0.575506951,0.484756616,0.407223943,0.341339253,0.285601457,0.238620481,0.199139332,0.16604177,0.138350372,0.115218675,0.09592002,0.079834946,0.066438321,0.049540379,0.05834261,0.068628508,0.080616868,0.094546544,0.11067323,0.129263655,0.150586324,0.174897858,0.202423987,0.233334403,0.26771108,0.305510488,0.346521304,0.390320967,0.436236496,0.483317095,0.530327707,0.575772923,0.617958645,0.655094153,0.685429652,0.707415455,0.719860909,0.7220669,0.713907615,0.695845554,0.668876786,0.634417321,0.594152143,0.549873091,0.503329938,0.45611218,0.409570187,0.364775992,0.322517963,0.283320493,0.247479224,0.215103466,0.186159507,0.160510587,0.137951279,0.118235391,0.101097498,0.086268755,0.073487902,0.062508425,0.053102771,0.045064398,0.038208298,0.032370484,0.027406836,0.023191563,0.019615493,0.01658432,0.014016892,0.0118436,0.010004898,0.008449956,0.007135472,0.006024608
S1_13,6,3,1,0,0,1,1,1,2,0,1,0,1,0,0,0,0,1,0,1,0,0,0,0,1,1,1,1,0,1,4,1,0.083042468,0.096954752,0.113377991,0.132799802,0.155807263,0.183106849,0.215547545,0.254147027,0.300120269,0.354909039,0.420209271,0.497991013,0.590502279,0.700243446,0.829893026,0.982159343,1.159528288,1.363879248,1.595956866,1.854724795,2.13669513,2.435417561,2.741392393,3.042677234,3.326315197,3.580403718,3.796252566,3.969870004,4.102168287,4.197781691,4.262974682,4.303451888,4.322816807,4.322068292,4.300096954,4.254825855,4.18450537,4.088717547,3.96882369,3.827822695,3.669786544,3.499136133,3.320001845,3.135817913,2.949186431,2.761961138,2.575459815,2.390711789,2.208668811,2.030338869,1.856832912,1.68933762,1.529040604,1.377037701,1.234247627,1.101350482,0.978757065,0.866607983,0.764796498,0.673006952,0.590760713,0.030937771,0.037696024,0.045974446,0.056122167,0.068568305,0.08383918,0.102578349,0.12556931,0.153760203,0.188288934,0.2305057,0.281987619,0.344536841,0.420148906,0.510932389,0.618954774,0.74598539,0.893108533,1.060196101,1.245268273,1.443839507,1.648438734,1.848574425,2.031422353,2.18337277,2.292264169,2.349755957,2.353073049,2.30549054,2.215404246,2.094389898,1.954967904,1.808730349,1.665174698,1.531252446,1.411437038,1.308068057,1.221780417,1.151908931,1.096827629,1.054225637,1.021339984,0.995167776,0.972672929,0.950990908,0.927622804,0.900600898,0.868604544,0.831008981,0.787859736,0.739778557,0.687818997,0.633297248,0.577624815,0.522164742,0.468124749,0.416491588,0.368003535,0.323153325,0.28221201,0.245264628
S1_14,4,3,1,0,0,0,1,1,0,1,0,0,1,0,0,0,0,1,0,0,0,0,0,0,1,0,1,1,0,1,1,2,0.12717308,0.14610968,0.167862574,0.192767919,0.22116838,0.253398954,0.289767284,0.33052776,0.375849203,0.425776852,0.480190689,0.538764032,0.600928415,0.665852898,0.732447252,0.799398234,0.865245459,0.928497669,0.987781992,1.042009449,1.090532108,1.13326367,1.170737763,1.204086709,1.23493567,1.265219272,1.296936738,1.331866147,1.371260183,1.415548204,1.464076226,1.514928326,1.564885941,1.609585629,1.643917946,1.662661113,1.661268094,1.636649842,1.58775975,1.515815961,1.424098201,1.317384357,1.201191817,1.081019362,0.961745987,0.847264421,0.740348984,0.642705826,0.555134788,0.477737962,0.410128065,0.351609553,0.301321438,0.258341258,0.221755213,0.190701538,0.164394204,0.142133014,0.12330487,0.107379718,0.093903601,0.125477689,0.144011509,0.165266043,0.189554825,0.217192572,0.248479774,0.283681492,0.322999606,0.36653825,0.414263052,0.465956169,0.521170911,0.579191919,0.639008931,0.699313558,0.758528278,0.814874269,0.866479179,0.911517988,0.948371191,0.975777267,0.992953629,0.999663768,0.99621808,0.983409365,0.962397144,0.934563983,0.901369558,0.864224492,0.824398092,0.782964926,0.740787314,0.6985257,0.656666785,0.615559743,0.575452845,0.536525377,0.498912322,0.462721233,0.428042148,0.394952076,0.363515839,0.33378489,0.305795425,0.279566682,0.255099962,0.23237858,0.21136874,0.192021173,0.174273333,0.158051906,0.143275424,0.129856816,0.117705766,0.106730799,0.096841049,0.087947701,0.079965119,0.072811676,0.066410339,0.060689019
S1_15,3,3,0,0,0,0,1,0,1,1,0,0,0,1,0,0,0,0,0,0,0,1,0,0,0,0,0,1,0,0,3,0,0.026671234,0.030078506,0.033995856,0.038511291,0.043729338,0.049774171,0.056793256,0.064961562,0.074486356,0.085612574,0.098628672,0.113872757,0.131738655,0.152681296,0.177220488,0.205941676,0.239491704,0.278566889,0.323889987,0.376171965,0.436054296,0.504028093,0.580328601,0.664807967,0.756796483,0.854972451,0.957271847,1.060877483,1.162327622,1.257769948,1.343355554,1.415723464,1.472483375,1.512582373,1.536456379,1.545919633,1.543817646,1.533531985,1.518455315,1.50154543,1.485028551,1.470274197,1.457823402,1.447527367,1.438745058,1.43055178,1.421921544,1.411860297,1.399482129,1.384034166,1.364886,1.341504568,1.313434592,1.280298676,1.241821807,1.19787511,1.148526182,1.094080182,1.03509769,0.972381318,0.906930888,0.026671234,0.030078506,0.033995856,0.038511291,0.043729338,0.049774171,0.056793256,0.064961562,0.074486356,0.085612574,0.098628672,0.113872757,0.131738655,0.152681296,0.177220488,0.205941676,0.239491704,0.278566889,0.323889987,0.376171965,0.436054296,0.504028093,0.580328601,0.664807967,0.756796483,0.854972451,0.957271847,1.060877483,1.162327622,1.257769948,1.343355554,1.415723464,1.472483375,1.512582373,1.536456379,1.545919633,1.543817646,1.533531985,1.518455315,1.50154543,1.485028551,1.470274197,1.457823402,1.447527367,1.438745058,1.43055178,1.421921544,1.411860297,1.399482129,1.384034166,1.364886,1.341504568,1.313434592,1.280298676,1.241821807,1.19787511,1.148526182,1.094080182,1.03509769,0.972381318,0.906930888
S1_16,4,3,1,0,0,1,1,1,0,0,0,0,1,0,0,0,0,0,0,0,1,0,0,0,1,1,1,1,0,0,1,3,0.136726207,0.158167627,0.183106491,0.212105768,0.24580628,0.284930648,0.330283918,0.382748918,0.443273754,0.512848185,0.592464953,0.683061761,0.785439757,0.900155499,1.027386059,1.166771691,1.31724753,1.476884951,1.642772878,1.810976803,1.976614351,2.134076663,2.2774021,2.40077477,2.499082802,2.568442885,2.606591092,2.613062301,2.589127369,2.537513744,2.461982068,2.366853608,2.256576636,2.135391491,2.00711725,1.875051084,1.741952062,1.610075753,1.481230771,1.356838037,1.237983372,1.125461253,1.01981151,0.921351887,0.830208836,0.74634779,0.669602991,0.599706301,0.536314076,0.479031303,0.42743242,0.381078552,0.339531209,0.302362682,0.269163521,0.239547563,0.213154959,0.189653643,0.168739613,0.150136373,0.133593782,0.096401216,0.113103721,0.132739276,0.155803092,0.182860404,0.21454974,0.251582915,0.294739853,0.344855744,0.402797362,0.469424781,0.545534367,0.63177914,0.728563778,0.835914267,0.953327002,1.079609221,1.212731755,1.349724661,1.48665354,1.618715064,1.74048015,1.846289752,1.930773409,1.989422289,2.019119348,2.018522518,1.98821959,1.930621781,1.849621988,1.750093969,1.637334528,1.516547015,1.39243739,1.268956345,1.149185804,1.035343695,0.92886987,0.83055607,0.740689688,0.659190551,0.585728971,0.519820443,0.4608971,0.408358661,0.361606755,0.32006652,0.283199039,0.25050742,0.221538743,0.195883408,0.173173018,0.153077474,0.135301785,0.119582823,0.10568622,0.093403449,0.08254915,0.072958689,0.064485949,0.057001343
S1_17,6,3,0,0,0,1,4,0,1,0,0,0,1,0,0,0,0,0,0,0,0,1,0,0,1,0,0,0,1,1,3,2,0.064544517,0.076630397,0.091031944,0.108200337,0.12867438,0.153096556,0.182231323,0.216985598,0.258431003,0.307827002,0.366643237,0.436578192,0.519569588,0.617789467,0.733613742,0.869552125,1.028120295,1.211633226,1.42189899,1.659800062,1.924768928,2.214201146,2.522901685,2.842718882,3.162558744,3.468952481,3.747240482,3.983243513,4.165085136,4.284718237,4.338774668,4.328582075,4.259458977,4.139575373,3.978695138,3.787036022,3.574370903,3.349405797,3.119420495,2.890135155,2.665756371,2.449151474,2.242098747,2.045564653,1.859967307,1.685397279,1.521780353,1.368979733,1.226845331,1.095223922,0.973945897,0.862802842,0.76152651,0.66977542,0.587131331,0.513104992,0.447148868,0.388673987,0.337068192,0.291713665,0.252002305,0.028875362,0.035133168,0.042770062,0.052092515,0.063474363,0.077370772,0.094334537,0.115034768,0.140277753,0.171029382,0.208437782,0.253853762,0.308844992,0.37519756,0.454895443,0.550064599,0.662864383,0.795305808,0.948976338,1.124657965,1.321844237,1.538197057,1.769035263,2.007003979,2.242110755,2.462294052,2.654580508,2.8066973,2.908803276,2.954897202,2.943533808,2.877708638,2.764042114,2.611567641,2.430451352,2.230881145,2.022239959,1.812581586,1.608373363,1.414448815,1.234109677,1.069321259,0.920953669,0.789032136,0.67297109,0.571777071,0.484214123,0.408931332,0.344555967,0.289757545,0.243288662,0.204008156,0.170891446,0.143031991,0.119636954,0.100019383,0.083588532,0.069839495,0.058342879,0.048734998,0.040708839
S1_18,5,3,2,0,0,1,0,1,1,0,0,0,0,0,0,1,0,0,0,0,1,0,0,0,1,0,1,0,0,1,2,2,0.188249333,0.221215345,0.259720548,0.304553619,0.356552887,0.416581872,0.485491783,0.564068418,0.652961887,0.752599759,0.863087856,0.984108207,1.114830254,1.253857883,1.399239069,1.548563161,1.699159802,1.848391015,1.993995962,2.134413321,2.268980843,2.397908877,2.52195497,2.641793872,2.757176095,2.866081844,2.964171828,3.044858093,3.100204799,3.122596094,3.106748861,3.051386656,2.959926013,2.839900622,2.701369806,2.55492314,2.409923778,2.273386164,2.1495599,2.040064154,1.944341794,1.860238901,1.784593128,1.713780745,1.644206149,1.572722105,1.496959327,1.415536596,1.328128223,1.235385547,1.138735996,1.040106078,0.941624647,0.845357431,0.753107195,0.666293114,0.585904976,0.512516339,0.44633643,0.387281644,0.335051656,0.160883149,0.190637181,0.225538339,0.266324831,0.313777694,0.368695418,0.431855433,0.503959898,0.585564239,0.676989044,0.77821957,0.888802457,1.007755778,1.133515175,1.263942961,1.396425478,1.528072947,1.65601367,1.777742486,1.891448838,1.99622445,2.09204778,2.17947259,2.259014918,2.330331162,2.39139305,2.437959285,2.463664523,2.460932596,2.422647882,2.344159953,2.224936654,2.069218181,1.88540239,1.684415814,1.477692526,1.275413393,1.085407569,0.912786611,0.760144074,0.628068162,0.515745272,0.421511352,0.343285533,0.278874418,0.226163893,0.183225341,0.148362769,0.120122464,0.097281066,0.078822728,0.06391213,0.051867305,0.042134382,0.034265203,0.027898098,0.022741699,0.01856153,0.015169005,0.012412464,0.010169925
S1_19,4,0,1,0,0,2,0,1,0,0,0,0,1,0,0,0,0,1,0,0,0,0,0,0,0,1,1,1,0,0,4,0,0.22451457,0.262467251,0.306203766,0.35637062,0.413604761,0.478502017,0.551577816,0.633221285,0.723645298,0.82283656,0.930511128,1.046081156,1.168637476,1.296949541,1.429479463,1.564401869,1.699618338,1.832757353,1.961159614,2.081863473,2.191621223,2.286986157,2.36450433,2.421019906,2.454063195,2.46224958,2.445593474,2.405648272,2.345422212,2.269077637,2.181475146,2.087655279,1.992350921,1.899599434,1.812488334,1.733035831,1.66218631,1.599892552,1.545258215,1.496720643,1.452260597,1.409628777,1.366577962,1.321085419,1.271545722,1.216912531,1.156771624,1.091336813,1.021373159,0.948064347,0.872849405,0.797256073,0.722754121,0.650643892,0.581986155,0.517571394,0.457921404,0.403313698,0.353819258,0.309345639,0.269679609,0,0,0,0,0,0,0,0,0,0,0,0,0,0,0,0,0,0,0,0,0,0,0,0,0,0,0,0,0,0,0,0,0,0,0,0,0,0,0,0,0,0,0,0,0,0,0,0,0,0,0,0,0,0,0,0,0,0,0,0,0
S1_2,6,4,3,0,0,0,1,2,0,0,0,1,0,0,0,0,0,1,0,0,0,0,1,1,1,0,1,0,0,0,2,4,0.270705401,0.311332597,0.357591162,0.410106854,0.469525672,0.536497446,0.611653466,0.695577233,0.788767566,0.891593533,1.004241086,1.126651849,1.258455356,1.398897276,1.546768009,1.700338753,1.857315749,2.014827726,2.169465204,2.317391094,2.45453673,2.576883289,2.680805706,2.763429544,2.822931068,2.858708677,2.871376522,2.862574502,2.834637986,2.790206496,2.731860097,2.661854195,2.581987968,2.493603362,2.397682572,2.294997993,2.18626907,2.072290963,1.954014844,1.83257441,1.709264719,1.585486545,1.462672079,1.342206931,1.225360209,1.113230322,1.006709994,0.906470559,0.812963184,0.726433313,0.646944198,0.574405565,0.50860411,0.449233281,0.395920628,0.3482517,0.305790036,0.268093237,0.234725355,0.205266016,0.179316765,0.24505914,0.281896271,0.323814154,0.371361652,0.425098131,0.485576145,0.553318178,0.628786598,0.7123461,0.804218214,0.904427862,1.012742581,1.128605872,1.251067463,1.378715133,1.509615497,1.641274814,1.770635168,1.894125005,2.007783712,2.107474429,2.189184911,2.249393009,2.285446207,2.295883888,2.280628222,2.240991642,2.179491801,2.099513939,2.004896901,1.899529671,1.78702905,1.670536092,1.552633264,1.435357795,1.320274283,1.208570373,1.101148297,0.998697097,0.90174113,0.810667849,0.725741463,0.647109546,0.574808252,0.508769599,0.448832202,0.394755256,0.346234708,0.302920201,0.264431482,0.230373278,0.200347989,0.173965927,0.150853095,0.130656692,0.113048645,0.097727511,0.084419098,0.072876113,0.062877134,0.054225113
S1_20,5,4,3,2,0,0,0,0,0,0,0,1,0,0,0,0,1,0,0,1,1,0,0,0,1,0,1,1,0,1,1,3,0.371472965,0.458701327,0.564759337,0.692820273,0.846135549,1.027786882,1.240328877,1.485327983,1.762841248,2.070931868,2.405374783,2.759733153,3.125939678,3.495357608,3.860036076,4.213609471,4.551194582,4.86788556,5.156088546,5.402801841,5.588594534,5.689863,5.684565095,5.559488015,5.315649575,4.969088462,4.546849624,4.080453444,3.599785443,3.129213036,2.686162202,2.281438833,1.920411148,1.604413402,1.332034058,1.100162217,0.904775932,0.74150157,0.605987264,0.494133863,0.402221861,0.326966084,0.265522984,0.215469013,0.174763201,0.141702796,0.114877626,0.093126555,0.07549782,0.06121403,0.049641951,0.040266852,0.032670991,0.026515731,0.021526792,0.017482141,0.014202102,0.011541305,0.009382136,0.007629435,0.006206196,0.351266215,0.433497681,0.533339026,0.653674616,0.797403426,0.967179972,1.165045255,1.391954729,1.647248531,1.92816388,2.22954725,2.543953386,2.862273408,3.174876979,3.472993924,3.749793681,4.000517746,4.221251848,4.406542697,4.546897864,4.627826305,4.631894794,4.543927382,4.35741514,4.078870229,3.727627808,3.331188084,2.918593841,2.514810755,2.137756578,1.797937152,1.499703611,1.243074285,1.025435422,0.842836604,0.690854417,0.565109047,0.461539702,0.376527698,0.306930167,0.25006504,0.203671971,0.165863518,0.13507458,0.110014287,0.089622379,0.073030823,0.059530738,0.048544321,0.039601279,0.032319215,0.026387416,0.021553517,0.017612587,0.014398211,0.011775236,0.009633868,0.007884883,0.006455746,0.005287458,0.004332009
S1_21,3,1,0,1,0,1,0,1,0,0,0,0,0,0,0,1,0,0,0,0,1,0,0,0,1,1,0,0,0,0,2,1,0.318170753,0.356224254,0.398494425,0.445254843,0.496718438,0.553004741,0.614100856,0.679817701,0.749744734,0.823208413,0.899241795,0.976574272,1.053650859,1.128688559,1.199772757,1.264989249,1.32257865,1.371091844,1.409520747,1.437380196,1.454724974,1.462098908,1.46042706,1.450872925,1.434687494,1.413075093,1.387093813,1.357598758,1.325227191,1.290417809,1.253452768,1.214510352,1.173717723,1.131195989,1.087093035,1.041602592,0.994970391,0.94748986,0.899490585,0.851322838,0.80334108,0.755888634,0.709284939,0.663816087,0.619728742,0.577227148,0.536472731,0.497585663,0.460647818,0.425706588,0.39277914,0.361856796,0.332909303,0.30588885,0.280733736,0.257371648,0.23572254,0.215701111,0.197218908,0.180186087,0.164512858,0.128038287,0.149184459,0.173304308,0.200626137,0.231323951,0.265486184,0.303078254,0.343900477,0.387544561,0.433353959,0.480395491,0.527451334,0.573040791,0.615479493,0.652979017,0.683782552,0.706323308,0.719384197,0.722232738,0.714706521,0.697232588,0.670776812,0.636733375,0.596775351,0.552692535,0.506241102,0.459023161,0.412405384,0.367477465,0.325044943,0.285647616,0.249594071,0.217003864,0.187850911,0.162003761,0.139260353,0.119376328,0.102086937,0.087123183,0.074223095,0.063139098,0.05364239,0.045525103,0.038600903,0.032704535,0.02769069,0.023432493,0.019819799,0.01675743,0.014163471,0.011967645,0.010109821,0.00853867,0.007210455,0.006087967,0.005139596,0.004338513,0.003661972,0.003090703,0.00260839,0.002201229
S1_22,6,4,1,2,0,2,1,0,0,0,0,1,0,0,0,0,1,0,0,0,1,1,1,0,0,0,1,1,1,0,2,4,0.226970208,0.273603511,0.329392384,0.395927109,0.474978496,0.568473286,0.678443587,0.806940989,0.955905628,1.126981993,1.321278258,1.539075803,1.779511546,2.040277126,2.317402152,2.605205135,2.896493001,3.183055074,3.456425625,3.708792966,3.933846652,4.127322302,4.287058068,4.412514869,4.503890633,4.561111568,4.583052633,4.567293491,4.510558774,4.409761247,4.263336859,4.072424387,3.841472764,3.578060255,3.291995768,2.994009736,2.694428093,2.402146927,2.124057937,1.864909636,1.627487044,1.412964436,1.22130872,1.051654448,0.902612741,0.772505498,0.659532146,0.561882322,0.47780825,0.40566847,0.343951798,0.291287913,0.246449055,0.208345938,0.176020036,0.148633742,0.125459483,0.105868505,0.089319861,0.07534992,0.063562622,0.210819469,0.253632887,0.304701823,0.365406808,0.437261359,0.521877353,0.620902696,0.735921884,0.868309792,1.019030796,1.188380742,1.375679767,1.578940852,1.794561732,2.01711266,2.239311229,2.452275171,2.646111638,2.810831172,2.937477773,3.019274755,3.052541562,3.037169098,2.97654689,2.876974996,2.746713143,2.594880341,2.430412414,2.261231338,2.0937071,1.932423886,1.78021125,1.638371406,1.50702383,1.385492899,1.272677797,1.167361846,1.068437375,0.975039778,0.886598745,0.802824441,0.723651094,0.649160367,0.579503124,0.514832473,0.455254861,0.400800831,0.351413412,0.306950164,0.267194321,0.231870869,0.2006642,0.173235049,0.149235304,0.128320037,0.110156619,0.094431128,0.080852413,0.069154267,0.059096135,0.050462752
S1_23,5,2,1,1,1,2,0,0,0,0,0,1,0,0,0,1,0,0,0,1,1,0,0,0,1,0,1,1,0,1,3,1,0.592297856,0.679086811,0.774827765,0.879384066,0.992328192,1.112923578,1.240133436,1.372660919,1.50901947,1.6476251,1.786895738,1.925338701,2.061607772,2.194516514,2.323002878,2.446049337,2.562570274,2.671283504,2.77058625,2.858458855,2.932422108,2.989574265,3.026728785,3.04066077,3.028449191,2.987876386,2.917822514,2.81857895,2.692008387,2.541503922,2.371740645,2.188259559,1.996960098,1.803592008,1.613327036,1.430461994,1.258269529,1.098982564,0.953879655,0.823432272,0.707478421,0.605395518,0.516255275,0.438952038,0.372302343,0.315117554,0.266253461,0.224641444,0.189305671,0.159370233,0.134059368,0.112693253,0.094681155,0.079513229,0.066751864,0.056023119,0.047008624,0.039438125,0.033082768,0.027749147,0.023274072,0.481906776,0.54847009,0.620417876,0.697040481,0.777267816,0.859651907,0.94238096,1.023331243,1.100157897,1.170419146,1.231721817,1.281871892,1.319013417,1.34174271,1.349190594,1.341070796,1.317695381,1.279957916,1.229283612,1.167545639,1.096949653,1.019894076,0.938819401,0.856063278,0.773737543,0.693639025,0.617199373,0.54547251,0.479153259,0.418617999,0.36397783,0.315135924,0.271842842,0.233745831,0.200430057,0.171451277,0.146360375,0.124720812,0.106120194,0.09017725,0.076545327,0.064913403,0.055005372,0.04657824,0.039419652,0.033345111,0.028195087,0.023832194,0.0201385,0.01701306,0.014369665,0.012134835,0.010246041,0.008650145,0.007302041,0.006163481,0.005202052,0.004390313,0.003705039,0.003126584,0.002638339
S1_24,4,2,1,0,0,2,1,0,0,0,0,0,0,1,0,0,0,0,0,1,0,0,0,0,0,1,1,0,0,1,2,1,0.062073053,0.075222608,0.091155687,0.110450597,0.133798478,0.162021389,0.196091279,0.237148751,0.28651978,0.34572764,0.416496001,0.500737656,0.600521629,0.718009702,0.855352093,1.01453162,1.197146928,1.404128949,1.635391554,1.889427951,2.162880055,2.450130529,2.742998683,3.030660446,3.299946817,3.53617272,3.724563973,3.85215891,3.909809385,3.893729001,3.806086632,3.654453559,3.450329699,3.207259693,2.939066672,2.658534384,2.37662041,2.10211572,1.841610768,1.599646299,1.378966102,1.180819805,1.005280803,0.851553271,0.718248886,0.603620879,0.505750163,0.422684277,0.35253415,0.293535857,0.244085167,0.202752155,0.168282083,0.139587455,0.115734933,0.095929749,0.079499378,0.065877593,0.054589599,0.045238548,0.037493603,0.036160284,0.044008881,0.053527529,0.065055511,0.078993366,0.095810244,0.116050282,0.140336761,0.169372301,0.203932655,0.244850926,0.292988296,0.349186952,0.41420106,0.488603086,0.57266602,0.666227787,0.768552316,0.87821136,0.993019444,1.110056673,1.22580524,1.336402321,1.437977257,1.527005859,1.600596432,1.656635887,1.693771768,1.711270116,1.708839395,1.686520118,1.644700712,1.584250824,1.506698394,1.41434863,1.310263831,1.198079504,1.081694727,0.964914906,0.851130315,0.743089961,0.642793877,0.551494356,0.469776911,0.397686024,0.334864976,0.280688027,0.23437262,0.195066974,0.161913467,0.134091017,0.110840708,0.091478945,0.07540186,0.06208398,0.051073397,0.041985077,0.034493392,0.02832459,0.023249634,0.01907764
S1_3,6,5,0,0,0,2,1,2,1,0,0,0,0,1,1,0,1,1,0,0,0,0,0,0,1,0,1,1,1,2,1,3,0.138301453,0.157188068,0.178667365,0.203082486,0.230815547,0.262289599,0.297969692,0.338362611,0.384014704,0.435507092,0.493447425,0.558457211,0.631153667,0.712125094,0.801898903,0.900901874,1.009412909,1.127509677,1.255012017,1.391426814,1.535901023,1.687191143,1.843658232,2.003296717,2.163802151,2.322677454,2.477369416,2.625418686,2.764599335,2.893021029,3.009170109,3.11187633,3.200208541,3.27332172,3.330294581,3.370006068,3.391096148,3.392039878,3.371336088,3.327779835,3.260760699,3.170516651,3.05828115,2.926287529,2.77763066,2.616019063,2.445470712,2.270008773,2.09340218,1.918977032,1.749505718,1.587166226,1.433556109,1.289743319,1.156337751,1.03357078,0.921373976,0.819451562,0.727343821,0.64448042,0.570223803,0.11085334,0.125763949,0.142708369,0.161956491,0.183809233,0.20860015,0.236696333,0.268498223,0.304437855,0.344974945,0.390590105,0.441774365,0.499014123,0.562770662,0.633453524,0.711387402,0.796772852,0.889642088,0.989812478,1.096841946,1.209992192,1.328207034,1.450113679,1.574053797,1.698148192,1.820393535,1.938782448,2.051430551,2.156688043,2.253211423,2.339975142,2.416213869,2.481302286,2.53459743,2.575283712,2.602267736,2.614165136,2.609403689,2.586438675,2.544044626,2.481621909,2.399446291,2.298799957,2.181951096,2.051986684,1.912537029,1.767450331,1.620477285,1.475012464,1.333918223,1.19943591,1.073173439,0.956149788,0.848874951,0.751446245,0.663646454,0.585034253,0.515021718,0.452937042,0.398072732,0.349720829
S1_4,6,4,1,0,0,1,2,2,0,0,1,0,0,0,0,0,0,0,0,0,0,1,1,1,0,1,1,0,1,2,2,2,0.148961371,0.171733359,0.197860044,0.227790354,0.262018261,0.301082435,0.345564043,0.3960822,0.453286481,0.517845965,0.59043438,0.67171108,0.762297935,0.862752583,0.973538992,1.094996722,1.227310502,1.370481668,1.524302215,1.68833084,1.861868244,2.043926668,2.233187066,2.427937606,2.625990973,2.824585984,3.02029133,3.20894329,3.385660419,3.544979579,3.681143127,3.788534233,3.862211937,3.89845423,3.895195213,3.852255677,3.771315632,3.655646118,3.509679543,3.338529332,3.147561418,2.942080096,2.727139256,2.507448648,2.287327257,2.070662713,1.860857273,1.660763782,1.472628954,1.298063239,1.1380492,0.992989633,0.862787561,0.746945249,0.644668821,0.554967399,0.476739457,0.408842763,0.350147275,0.299572353,0.256110654,0.141385097,0.162533952,0.186690781,0.21423104,0.245559961,0.281109186,0.321331025,0.366689776,0.417649499,0.474657695,0.538124487,0.608397188,0.685730554,0.770253636,0.861934884,0.960547954,1.065641427,1.176516108,1.29221353,1.411518502,1.532976931,1.654927758,1.775545172,1.892884902,2.004927208,2.109610019,2.204848828,2.288545342,2.358593465,2.412897287,2.449419125,2.466273764,2.461876312,2.435135386,2.3856641,2.313964692,2.221536501,2.110866831,1.985289309,1.84872691,1.705365124,1.559314674,1.414319328,1.273546499,1.13947486,1.013872179,0.897843067,0.791921231,0.696182387,0.610359244,0.533946433,0.466288956,0.406652164,0.354274044,0.308402121,0.268317859,0.23335143,0.202889398,0.176377433,0.153319678,0.133276023
S1_5,3,2,0,0,0,0,1,1,0,1,0,0,0,0,0,1,0,0,0,0,1,0,0,0,1,1,1,0,0,0,1,2,0.06147123,0.06809024,0.075387089,0.083422043,0.092258471,0.101962413,0.11260198,0.124246519,0.136965537,0.15082732,0.165897235,0.182235674,0.199895635,0.218919925,0.239338036,0.261162726,0.28438643,0.308977626,0.334877367,0.361996228,0.39021196,0.419368184,0.44927444,0.4797079,0.510416956,0.541126767,0.571546657,0.601379064,0.630329472,0.658116549,0.684481564,0.709196056,0.732066827,0.752937493,0.771686228,0.788219745,0.802464124,0.814353599,0.823818833,0.830776485,0.835121921,0.836726656,0.835441628,0.831106671,0.823565619,0.812685604,0.798378289,0.780620299,0.759470037,0.735078438,0.707692029,0.677647693,0.645359725,0.61130074,0.575978685,0.539912502,0.503608858,0.467541905,0.432137393,0.39776176,0.3647162,0.058251942,0.064420131,0.071203334,0.078653156,0.086823134,0.095768166,0.105543734,0.116204898,0.12780501,0.140394116,0.154017024,0.168710986,0.184503008,0.201406773,0.219419215,0.238516823,0.258651754,0.279747953,0.301697473,0.32435728,0.347546877,0.371047098,0.394600476,0.417913518,0.440661197,0.462493812,0.483046221,0.501949223,0.518842626,0.533389314,0.545289426,0.554293635,0.560214529,0.562935167,0.562414123,0.558686638,0.551861831,0.542116299,0.529684714,0.514848255,0.497921799,0.479240817,0.459148794,0.437985847,0.41607902,0.393734509,0.371231903,0.348820372,0.326716616,0.305104323,0.284134853,0.263928865,0.244578602,0.226150617,0.208688716,0.192216971,0.17674267,0.162259124,0.148748262,0.136182973,0.124529198
S1_6,4,2,1,0,0,0,1,1,1,0,0,1,0,0,0,0,0,0,0,0,1,0,0,0,1,1,1,1,0,1,2,1,0.096417364,0.111339231,0.128440885,0.147994812,0.170291748,0.195636188,0.224339467,0.256709882,0.293039338,0.333586157,0.378553935,0.428066779,0.4821419,0.540661367,0.603345772,0.669733537,0.739170278,0.810812798,0.883651634,0.956554263,1.028328346,1.097800827,1.163905292,1.225767409,1.282777465,1.334640301,1.381395981,1.423408482,1.461323284,1.495997068,1.528403572,1.559519369,1.590193276,1.621004278,1.652116454,1.683145285,1.713057153,1.740130187,1.762006375,1.775857845,1.778671638,1.767628304,1.740517232,1.696107721,1.634392176,1.556642139,1.465263635,1.363488995,1.254979197,1.143421844,1.03219539,0.924140298,0.821445614,0.725635105,0.637624488,0.557819316,0.486227847,0.422570857,0.366377883,0.317065411,0.273996521,0.026951846,0.031049344,0.035752887,0.041146335,0.047323241,0.054387328,0.062452768,0.071644155,0.082096047,0.093951949,0.10736256,0.122483116,0.139469641,0.158473961,0.17963737,0.203082951,0.228906707,0.257167886,0.287879172,0.320997763,0.356418698,0.393972086,0.433426008,0.474496665,0.516866754,0.56021186,0.604233008,0.648691378,0.693438994,0.73843737,0.783755189,0.829536788,0.87593596,0.923014742,0.970614308,1.018214365,1.064807083,1.10881931,1.148118939,1.180134065,1.202094235,1.211373056,1.205877669,1.184405348,1.146883432,1.094432008,1.029233578,0.9542442,0.872817354,0.788323142,0.703831482,0.621898649,0.544465026,0.47284813,0.407802847,0.349619065,0.298231834,0.253326788,0.214431031,0.180985582,0.152399344
S1_7,5,4,0,0,0,4,1,0,0,0,0,0,1,0,0,0,0,1,0,0,0,0,0,0,1,1,1,1,0,0,1,4,0.196857954,0.223329457,0.253158017,0.286707306,0.324362152,0.366524056,0.413604554,0.466015941,0.524158826,0.588406043,0.659082435,0.736440208,0.820629757,0.911666219,1.00939249,1.113440111,1.223190171,1.337737274,1.455860435,1.576005528,1.696284247,1.814494381,1.928165332,2.034630991,2.131129567,2.214926704,2.283454815,2.334458486,2.366133626,2.377247354,2.367226575,2.336205836,2.28502896,2.215203569,2.128812395,2.028389491,1.916772817,1.796946577,1.671887074,1.54442454,1.417130609,1.292237365,1.171589792,1.056629727,0.948406573,0.847608376,0.754606345,0.669506385,0.592202259,0.522426363,0.459795484,0.403850095,0.354086713,0.309983495,0.271019691,0.236689776,0.206513156,0.180040343,0.15685637,0.136582154,0.118874358,0.183387425,0.207652398,0.234918718,0.265494753,0.299702147,0.337870482,0.380329782,0.427400425,0.479380012,0.536526791,0.599039288,0.667032007,0.740507297,0.819323907,0.903163285,0.991495363,1.083546381,1.178272158,1.274341036,1.37013126,1.4637477,1.553062251,1.635780767,1.709536938,1.772010125,1.821060233,1.854868757,1.872072059,1.871871574,1.854106638,1.819279284,1.768526201,1.703540181,1.626450259,1.539675079,1.445766626,1.347261046,1.246550254,1.145783304,1.046801295,0.951104918,0.859850306,0.773866901,0.693690431,0.619604557,0.551685801,0.489847714,0.433881575,0.383492053,0.338327184,0.298002651,0.262120754,0.230284711,0.202108998,0.177226442,0.155292761,0.135989103,0.119023111,0.104128908,0.091066323,0.079619623
S1_8,5,4,1,1,0,3,0,0,0,0,0,0,0,0,0,0,1,0,0,0,0,1,0,0,1,0,0,0,0,1,1,3,0.270334725,0.314094464,0.364754511,0.423251588,0.49058375,0.567788704,0.655912066,0.755964809,0.868870366,0.995403703,1.136126584,1.291324637,1.460951228,1.644578937,1.841350344,2.049906343,2.268256302,2.493549377,2.721723572,2.947062335,3.161779988,3.355863934,3.517463921,3.634053794,3.694344684,3.690552477,3.620308065,3.487483814,3.301581992,3.075908274,2.825196843,2.563432448,2.3023633,2.050832192,1.814775482,1.5976273,1.400885713,1.224676096,1.068228132,0.930240989,0.809143401,0.703268335,0.61096399,0.530659941,0.460903021,0.40037344,0.347888439,0.302398419,0.262978764,0.228819486,0.199214032,0.173548074,0.151288796,0.131974934,0.115207713,0.100642712,0.087982644,0.076971003,0.067386499,0.05903822,0.05176143,0.206540615,0.243944429,0.287723515,0.338794975,0.398142074,0.466793995,0.545795722,0.636167218,0.738852376,0.854659952,0.984200627,1.127825696,1.285572244,1.457115452,1.641719579,1.83816565,2.04462006,2.258403244,2.475634997,2.690786231,2.896258625,3.0822203,3.236988165,3.348182753,3.404634953,3.398647965,3.327903392,3.196285235,3.013267751,2.792090338,2.547385826,2.293007314,2.040547021,1.79867411,1.573140645,1.3671926,1.182142275,1.017937085,0.87364095,0.747802755,0.638718618,0.544607707,0.463723507,0.394419489,0.33518394,0.284654628,0.241620756,0.205017242,0.173914686,0.14750721,0.125099565,0.106094382,0.089980084,0.07631973,0.064740931,0.054926863,0.046608352,0.039556953,0.033578954,0.028510198,0.024211638
S1_9,6,5,0,0,0,3,1,1,0,1,0,0,0,0,0,0,1,0,0,0,0,1,1,1,1,0,1,0,1,3,1,2,0.195519025,0.223118202,0.254514785,0.290192395,0.330683517,0.37657047,0.428484968,0.487105745,0.553153551,0.627382647,0.710567707,0.803484688,0.906883845,1.021452565,1.147765113,1.286215866,1.436932377,1.599665204,1.77365359,1.957470982,2.14886309,2.34460431,2.540414455,2.730992382,2.910227422,3.071632351,3.208994597,3.317168796,3.392855283,3.435162172,3.445767626,3.428591533,3.389022697,3.332874886,3.265315626,3.190008736,3.108649543,3.020976926,2.925240731,2.819001585,2.700059824,2.5672757,2.421075577,2.263537823,2.098083683,1.928909902,1.760348803,1.596319813,1.43996859,1.293513833,1.158266011,1.034757048,0.922920325,0.822274983,0.732086889,0.651494435,0.579598084,0.515518453,0.458429988,0.407577282,0.362280037,0.190283845,0.217210725,0.247849463,0.282673012,0.322201915,0.367005142,0.41769951,0.474947145,0.539450325,0.611942804,0.693176542,0.783902408,0.884843035,0.996655506,1.119880978,1.254877834,1.401734718,1.560160411,1.729349655,1.907828943,2.093295021,2.282471946,2.471028706,2.653614031,2.824069346,2.975863661,3.102747116,3.199546343,3.262946203,3.292055545,3.288573494,3.256465353,3.201194018,3.128679964,3.044233323,2.951698622,2.852990626,2.74810498,2.635581747,2.513298578,2.379390148,2.233056188,2.075053364,1.907765519,1.734878722,1.560799168,1.390001015,1.22646931,1.073335076,0.932723017,0.805776029,0.692794922,0.593431718,0.506889227,0.432097925,0.367857032,0.31293768,0.26615224,0.226396458,0.192671394,0.164091315
S2_2,7,6,1,0,0,4,0,1,0,1,1,0,1,0,1,0,0,1,0,0,0,0,0,0,1,1,1,1,0,1,1,5,0.180387185,0.206855036,0.237581026,0.273290835,0.314832632,0.363193651,0.419516238,0.485111363,0.561466467,0.650242863,0.753255901,0.872428691,1.009707966,1.166929318,1.345620361,1.546736489,1.77033745,2.015235521,2.278675669,2.556136151,2.84134784,3.126601655,3.403334695,3.662873632,3.897122064,4.098976698,4.262382183,4.382141448,4.453766363,4.47365681,4.439701516,4.352103927,4.214034343,4.031733954,3.813936453,3.570775678,3.312535088,3.048588783,2.786735561,2.532949346,2.291448041,2.064942936,1.854950131,1.662088605,1.486330447,1.327196188,1.183901791,1.055467964,0.940801612,0.838756855,0.748180678,0.66794655,0.596978395,0.534266678,0.478878131,0.429960455,0.386743161,0.348535603,0.31472306,0.28476158,0.25817214,0.176168134,0.201523754,0.230845026,0.264781146,0.304084053,0.349620066,0.402379833,0.46348441,0.534184087,0.615845025,0.709916794,0.817871666,0.941104591,1.080781977,1.237629526,1.411656775,1.6018314,1.805741435,2.019316284,2.236708864,2.450453586,2.651985626,2.832521521,2.984171772,3.101032331,3.179954137,3.220765387,3.225901062,3.199593496,3.14689958,3.072838241,2.981812455,2.877360056,2.762176407,2.638304386,2.507386311,2.370897971,2.230318134,2.087216491,1.943264894,1.800190138,1.6596926,1.523354888,1.392560165,1.268432946,1.151807868,1.043225782,0.942952355,0.851012373,0.76723271,0.691287893,0.622743742,0.561096176,0.505803712,0.45631327,0.412079599,0.372579095,0.337318932,0.305842462,0.277731781,0.252608202
S2_3,7,5,1,0,0,2,3,0,1,0,0,1,1,0,0,0,0,0,0,0,0,1,0,1,1,1,1,1,1,0,2,5,0.116258305,0.139080695,0.166377078,0.199001663,0.237957518,0.284415205,0.339730017,0.405455415,0.483349095,0.575366537,0.683635042,0.810399134,0.957926281,1.128360782,1.323514607,1.544588672,1.791828496,2.064136299,2.358687193,2.670626627,2.992949937,3.31666751,3.63132393,3.925858854,4.189685157,4.413756975,4.591362548,4.718443386,4.793402586,4.816554264,4.789490436,4.714636365,4.595133222,4.434999109,4.239374144,4.014622311,3.768146129,3.507912401,3.241809965,2.977011058,2.719482285,2.473721331,2.242721716,2.02811681,1.830433071,1.649384961,1.484159473,1.333657616,1.196677784,1.072039396,0.958653875,0.8555545,0.761897942,0.676949189,0.600059279,0.530642454,0.468156671,0.412089239,0.361947772,0.317255758,0.277551572,0.101974317,0.122292051,0.146646921,0.175818339,0.210722396,0.252428768,0.302176099,0.36138347,0.431654468,0.514768809,0.612654667,0.727332808,0.8608218,1.014992555,1.191361531,1.390816738,1.613281333,1.857337723,2.119860813,2.39573833,2.677779595,2.956916072,3.222760842,3.464512054,3.67207134,3.837143337,3.954043118,4.020004527,4.034945032,4.000835753,3.920956026,3.799314414,3.640393407,3.449191667,3.23139162,2.993440393,2.742403934,2.485583426,2.22999509,1.981860056,1.746226656,1.526784424,1.325864904,1.144582844,0.983057456,0.840659681,0.716247121,0.608365075,0.51540546,0.435724152,0.36772196,0.30989622,0.260870078,0.219405653,0.184406179,0.154911,0.130086308,0.109213649,0.091677591,0.076953447,0.064595612
S2_4,7,4,1,0,0,2,0,2,2,0,1,0,0,0,0,0,0,0,0,0,0,1,1,1,1,1,1,0,0,0,3,4,0.16700684,0.189307382,0.214572945,0.243166954,0.275484262,0.311949114,0.35301105,0.399138152,0.450806934,0.508488127,0.572627652,0.643622204,0.721789122,0.807330781,0.900294508,1.00053021,1.107649454,1.220991658,1.339605093,1.462252147,1.587449042,1.713548747,1.838871235,1.961876511,2.08136337,2.19666251,2.307780125,2.415442305,2.520995709,2.62613835,2.732484975,2.841011268,2.951464574,3.061868681,3.168273921,3.264892989,3.344697684,3.400427354,3.425805523,3.416644816,3.371517587,3.291808458,3.181189415,3.044754423,2.888123172,2.716756646,2.535582596,2.348892335,2.160396901,1.97332758,1.790506602,1.614364398,1.446916648,1.289729485,1.143898723,1.010057485,0.888414246,0.778814613,0.680816306,0.593766947,0.516876601,0.158075942,0.178879595,0.202390188,0.228925144,0.258824826,0.292448875,0.330170197,0.372365906,0.419404477,0.471628273,0.529330657,0.592726988,0.661919109,0.736853395,0.817273305,0.902668494,0.992224227,1.084776753,1.178782584,1.272311563,1.363074783,1.448497605,1.525844317,1.592393573,1.645653054,1.683589584,1.704840841,1.708871005,1.696038209,1.667556844,1.625358743,1.571877966,1.509797708,1.441801323,1.370362735,1.29759819,1.225186395,1.154351429,1.08589484,1.02026008,0.957613025,0.897925144,0.841049671,0.786784892,0.734921891,0.685276557,0.637707385,0.592121605,0.548472646,0.506751937,0.466977757,0.4291833,0.393405587,0.359676236,0.328014574,0.298423221,0.270885914,0.245367229,0.221813745,0.200156201,0.180312241
S2_5,7,6,0,0,0,3,2,1,0,1,1,0,1,0,1,0,0,1,1,0,0,1,0,1,1,1,1,0,1,1,1,5,0.159488172,0.182461028,0.208821793,0.239051191,0.273686353,0.313322692,0.358613854,0.410268885,0.469045615,0.535739035,0.611163376,0.696126583,0.791396071,0.897655065,1.015449656,1.145127779,1.286772793,1.440135863,1.604572594,1.778989862,1.961807933,2.150940533,2.343791726,2.537264483,2.727773629,2.911257985,3.083194668,3.238632629,3.372278756,3.47868088,3.552547888,3.589219647,3.585248523,3.538993339,3.451081958,3.324598624,3.16490922,2.979135467,2.775387959,2.561926073,2.346410655,2.135363593,1.933876347,1.745546751,1.572586126,1.416028193,1.275979506,1.151867945,1.042663523,0.947060045,0.86361582,0.790857125,0.727350507,0.671750471,0.622828509,0.579488451,0.540771988,0.5058573,0.474052934,0.444788469,0.417603151,0.15621363,0.178831722,0.204799581,0.234593896,0.268747352,0.307850469,0.352551503,0.403553583,0.461608036,0.527502718,0.602044046,0.686031417,0.780222904,0.88529155,1.001772364,1.130001244,1.27004852,1.421651279,1.584149976,1.756435236,1.936909972,2.123469467,2.313498297,2.50387897,2.691004997,2.870793194,3.038698213,3.189746374,3.318622146,3.419851625,3.488123223,3.518758276,3.508293378,3.455075272,3.359724495,3.225323893,3.057245154,2.862624354,2.64959637,2.426456128,2.200912537,1.979549115,1.767533282,1.568553518,1.384926316,1.217804318,1.067425244,0.933358119,0.814721029,0.710358973,0.618980143,0.53925449,0.469880895,0.409629782,0.357367451,0.312067409,0.272812849,0.238793426,0.209298615,0.183709238,0.161488263
S2_6,7,5,1,0,0,3,0,0,2,1,1,0,0,0,1,1,0,0,0,0,0,1,1,1,1,1,0,0,0,1,2,4,0.115880309,0.13521267,0.158105273,0.185248014,0.2174621,0.255720981,0.301172027,0.355157225,0.419230047,0.495163896,0.584945289,0.690741951,0.814832612,0.959481933,1.126741914,1.318162493,1.534402119,1.774747752,2.036586468,2.314916974,2.602040235,2.887603521,3.159160577,3.40332367,3.607417577,3.76134468,3.859222668,3.900353522,3.889256116,3.834780794,3.748591952,3.64343745,3.531586686,3.423665864,3.327941737,3.249977441,3.192533876,3.155606039,3.136538129,3.130226118,3.129469793,3.125558421,3.109148082,3.071406064,3.005274989,2.906595712,2.774791993,2.612906721,2.426969611,2.224884438,2.01515059,1.805729835,1.603260239,1.412674986,1.23716894,1.078399035,0.936800351,0.811926092,0.702754793,0.607938676,0.525988009,0.113865384,0.132800666,0.155217321,0.181789447,0.213319265,0.250757405,0.295223805,0.348027479,0.410682263,0.484913926,0.572651748,0.675994706,0.797139,0.938250276,1.101261849,1.287581566,1.497697992,1.730695351,1.98371932,2.251481969,2.525945076,2.796356236,3.04980069,3.272345053,3.45068365,3.573997671,3.635590154,3.63385759,3.572333451,3.458825841,3.30394027,3.119412298,2.916638595,2.70564162,2.494524232,2.28933856,2.094234473,1.911754236,1.743172971,1.588824078,1.448380752,1.321085099,1.205926898,1.101778144,1.007490427,0.921961713,0.844178443,0.773238175,0.708357445,0.648869019,0.594212138,0.543918774,0.497598292,0.45492226,0.415610598,0.379419718,0.346132942,0.315553164,0.287497536,0.261793871,0.238278397
S2_7,7,4,2,1,0,3,1,0,0,0,0,0,1,0,0,0,0,0,0,0,0,1,0,0,1,0,0,1,1,0,3,4,0.15046482,0.18354772,0.223970937,0.273325734,0.333510598,0.406765323,0.495692449,0.603253496,0.732721591,0.88756551,1.071234726,1.286814644,1.536532499,1.821126428,2.139151135,2.486381868,2.855570702,3.236849769,3.618989344,3.991456846,4.346836837,4.68283799,5.003042848,5.315830358,5.631389359,5.957238141,6.293111566,6.626574143,6.93121365,7.169230178,7.298906431,7.284941466,7.107674602,6.767763313,6.285517251,5.696296402,5.043771808,4.372499429,3.721294645,3.118874079,2.582475441,2.119031958,1.72776578,1.403058985,1.136879632,0.920498763,0.745533917,0.604480672,0.49090806,0.399459277,0.325754762,0.266257156,0.218131118,0.179114156,0.147404907,0.121570019,0.100468351,0.083190159,0.069008762,0.057342353,0.047723903,0.136954278,0.167130396,0.204000479,0.249005396,0.303856236,0.370558737,0.451422412,0.549041073,0.666225388,0.805861292,0.970662309,1.162783129,1.383272663,1.631376635,1.903760553,2.19381289,2.491282399,2.782548577,3.051746594,3.282722873,3.461440374,3.578163059,3.628738683,3.61463261,3.541866276,3.419383377,3.257422276,3.066266635,2.855470676,2.633470132,2.407435522,2.183254227,1.965579022,1.757916955,1.562747334,1.381659612,1.215500426,1.064519096,0.928503046,0.806897847,0.698909597,0.603589527,0.519902003,0.446777694,0.383153858,0.328003709,0.280356699,0.239311428,0.204042716,0.1738042,0.147927615,0.12581975,0.10695786,0.090884166,0.077199914,0.065559346,0.055663812,0.047256214,0.040115834,0.034053644,0.028908078
S2_8,7,6,4,1,0,2,0,0,0,0,0,0,0,0,1,1,1,0,0,0,1,0,0,0,1,1,1,0,0,1,1,5,0.262369516,0.322911244,0.397786846,0.49034365,0.604625089,0.745452209,0.918471818,1.130137954,1.387578503,1.69828314,2.069536895,2.507523084,3.01603965,3.594822237,4.237550225,4.929735128,5.646879153,6.353588378,7.004701405,7.549650591,7.940577165,8.142772661,8.143687033,7.956176732,7.614162392,7.162835195,6.647861871,6.1073684,5.568193678,5.045937148,4.54743531,4.074214585,3.625739453,3.201691274,2.802996249,2.431768338,2.090614083,1.78179291,1.506585492,1.26501273,1.055876674,0.877008965,0.725602579,0.598534444,0.492628341,0.404841679,0.332380709,0.272758417,0.223811399,0.183690233,0.150834622,0.123941288,0.101929822,0.083909625,0.069149631,0.057051546,0.047126773,0.038976859,0.032277137,0.026763162,0.022219543,0.258370155,0.317861097,0.39141048,0.482293817,0.594464234,0.732629346,0.902293706,1.109733286,1.36185363,1.665867658,2.028717278,2.456162578,2.951482906,3.51378384,4.135987757,4.802709916,5.48841211,6.156524791,6.760608006,7.248780885,7.571956556,7.694471037,7.603358198,7.311942057,6.855887107,6.283775315,5.646540549,4.98938564,4.347529555,3.745255111,3.197010119,2.70942401,2.283487834,1.916498366,1.603605907,1.338944756,1.11639616,0.930060886,0.774520434,0.644954994,0.537170926,0.447575601,0.373124956,0.311259854,0.259840723,0.217085722,0.181514889,0.151901195,0.12722845,0.106655605,0.089486734,0.075145975,0.063156684,0.053124172,0.044721426,0.037677316,0.031766875,0.026803283,0.022631258,0.019121615,0.016166775
S2_9,7,5,0,0,0,0,1,3,3,0,1,0,1,0,1,1,0,0,1,0,1,1,0,1,1,1,1,1,0,2,2,3,0.175372464,0.190904952,0.207857287,0.226358416,0.24654746,0.268573966,0.292597983,0.31878988,0.347329845,0.378406958,0.412217722,0.448963942,0.488849787,0.532077923,0.578844555,0.629333286,0.683707704,0.742102729,0.804614805,0.871291214,0.942118897,1.017013398,1.095808665,1.178248563,1.263980958,1.352555086,1.443422584,1.535942078,1.629386548,1.722952029,1.815765589,1.906890195,1.995324126,2.079993187,2.159735167,2.23327798,2.299215637,2.35598969,2.401887564,2.435072022,2.453656142,2.455833225,2.440059762,2.40527291,2.351106429,2.278057794,2.187561012,2.081936969,1.964221586,1.837901765,1.706609418,1.573828426,1.442658778,1.315662456,1.1947948,1.081409139,0.976313973,0.879860452,0.792041012,0.712585305,0.641045013,0.121132091,0.130871314,0.141403834,0.152793885,0.165110653,0.17842862,0.192827911,0.208394673,0.225221462,0.243407658,0.263059892,0.284292478,0.307227851,0.33199698,0.358739735,0.387605147,0.418751504,0.452346167,0.488564958,0.527590936,0.569612283,0.614818987,0.663397928,0.715525919,0.771360241,0.83102621,0.894601422,0.962096467,1.033432194,1.108413885,1.186703134,1.267788492,1.350956302,1.435263289,1.519512789,1.602236992,1.681688761,1.755848596,1.822454982,1.879068752,1.923182298,1.952380109,1.964546743,1.958102649,1.932231684,1.887053636,1.823697319,1.744247324,1.651565951,1.549021417,1.440173547,1.328472475,1.217015058,1.108383842,1.004572457,0.906985225,0.816490233,0.733503536,0.658085221,0.590033379,0.528967464
S2_1,7,3,2,0,0,0,2,2,1,0,0,0,0,1,1,1,1,0,1,1,1,0,0,1,1,1,0,1,0,0,4,3,0.162069334,0.189781436,0.222065941,0.259600086,0.303130082,0.353465427,0.41146675,0.478024889,0.554028445,0.640316886,0.737616419,0.846456706,0.967068529,1.099266178,1.242324093,1.39486518,1.554787285,1.719262043,1.884842394,2.047706015,2.204037453,2.35051272,2.484805753,2.606003709,2.714816364,2.813503243,2.9055118,2.994896065,3.085638361,3.181008743,3.283068059,3.392367046,3.507837406,3.626830711,3.745248907,3.8577277,3.957871335,4.038573591,4.092471527,4.112551338,4.092866979,4.029269308,3.920009514,3.766092583,3.571306687,3.341919047,3.086086752,2.813073812,2.532392304,2.252993492,1.982619332,1.727385934,1.491618311,1.277906683,1.087322461,0.919721928,0.774073639,0.648763488,0.541851203,0.451268636,0.374961474,0.153615668,0.179514963,0.20959879,0.244461877,0.284750618,0.331153865,0.384386603,0.445164091,0.514163636,0.591970961,0.679008324,0.775442433,0.881072293,0.995200906,1.116500669,1.242890461,1.371451769,1.498419451,1.619285313,1.729044337,1.822589602,1.895223561,1.94320922,1.964252065,1.957800519,1.925088386,1.868908316,1.793176234,1.702394893,1.60113398,1.493617222,1.383460742,1.273561698,1.166105609,1.062648588,0.96423328,0.871507914,0.784830554,0.704351298,0.630072423,0.561890246,0.499623685,0.443034099,0.391839912,0.345728315,0.304365329,0.267404773,0.23449629,0.205292384,0.179454342,0.156657011,0.136592398,0.118972179,0.103529223,0.090018269,0.07821593,0.067920149,0.058949284,0.051140905,0.044350441,0.038449733
S2_10,7,5,0,0,0,1,2,2,0,2,1,1,1,0,1,1,0,0,0,0,0,1,0,0,1,1,1,1,1,1,2,4,0.154053888,0.168230073,0.183938653,0.201381463,0.22079114,0.242435865,0.266624624,0.293712932,0.324108885,0.358279263,0.396755264,0.440137177,0.489096984,0.544377413,0.606785429,0.677177462,0.756432962,0.84541222,0.944894057,1.055489321,1.177527637,1.310918286,1.454991827,1.608337504,1.768661651,1.932702034,2.096238285,2.254234218,2.401129751,2.531268503,2.63940876,2.721233677,2.773765929,2.795610402,2.786990936,2.749597225,2.686296476,2.600779679,2.497204932,2.379879962,2.253004265,2.120475449,1.985755939,1.851793128,1.720985332,1.595185625,1.475735233,1.363517839,1.259026347,1.162434529,1.073667413,0.992465995,0.918443611,0.851132778,0.790022452,0.734586415,0.684303942,0.638674073,0.597224774,0.559518218,0.525153186,0.135387781,0.146403423,0.158421485,0.171556915,0.185941964,0.201729102,0.219094322,0.238240796,0.259402812,0.282849808,0.308890211,0.337874595,0.3701974,0.406296112,0.446646352,0.491750777,0.542119123,0.598236206,0.660514452,0.729227907,0.804426111,0.88582933,0.972711852,1.063787481,1.15712022,1.250090989,1.339454394,1.421513077,1.492417605,1.548567934,1.587055885,1.606060674,1.605105876,1.585113429,1.548241385,1.497548415,1.436567796,1.368883806,1.297785317,1.226037068,1.155773774,1.08849671,1.025140363,0.966176189,0.911726895,0.861673438,0.815745227,0.773590207,0.7348255,0.699071374,0.665972022,0.635206602,0.606493513,0.579590286,0.554290857,0.530421504,0.507836271,0.486412441,0.466046365,0.446649795,0.428146797
S2_11,7,6,3,0,0,1,2,1,0,0,0,0,1,1,1,0,0,0,0,1,0,0,0,0,1,1,1,1,1,2,1,4,0.165760971,0.196492225,0.232950672,0.276188047,0.327436844,0.388134867,0.459949756,0.544801346,0.644878285,0.762643292,0.900818423,1.062337541,1.250247816,1.46753582,1.71684811,2.000074332,2.317768789,2.66841319,3.047578611,3.447133011,3.854748202,4.254042338,4.625674445,4.949510337,5.207598698,5.387260613,5.483347723,5.498873811,5.443768837,5.332184729,5.179250509,4.998231419,4.798744839,4.586239846,4.362567015,4.127250985,3.879022831,3.617217693,3.3427482,3.058501739,2.769162082,2.480594143,2.199016861,1.930198931,1.678852024,1.448301105,1.240422131,1.0557806,0.893885446,0.753481858,0.632829129,0.529933778,0.442727374,0.369190834,0.307433333,0.255736042,0.212570542,0.176600214,0.146671031,0.121796448,0.101139568,0.160263617,0.189820729,0.224855341,0.2663666,0.31552358,0.373687714,0.442434848,0.523574724,0.619164324,0.731509427,0.863145799,1.016787317,1.19522303,1.401139058,1.636835747,1.903808889,2.202172114,2.529924712,2.882125059,3.250118548,3.621077002,3.978188761,4.301818557,4.571757513,4.770299764,4.885441535,4.913243283,4.858537126,4.73369945,4.555887324,4.343613573,4.113612183,3.878674046,3.646719698,3.421017771,3.201243381,2.984987254,2.76932705,2.552127345,2.332838692,2.112711877,1.894499809,1.681837196,1.478529493,1.2879451,1.112620211,0.954096694,0.812950789,0.68894352,0.581225305,0.488544164,0.409427375,0.342323653,0.285704558,0.23813014,0.198286343,0.165001782,0.137250504,0.114145946,0.094929892,0.07895906
S2_12,6,2,2,0,0,3,1,0,0,0,0,1,0,0,0,0,0,1,0,1,0,0,0,0,1,0,0,1,0,0,4,2,0.125761966,0.149535736,0.177809833,0.211414636,0.251320471,0.298654951,0.35471964,0.421004503,0.499197936,0.591189369,0.699060486,0.825060145,0.971557176,1.140964598,1.33562868,1.55767693,1.808820626,2.09010977,2.401640669,2.742217737,3.108970703,3.496927495,3.898547573,4.30324352,4.696977795,5.062125539,5.377917274,5.621832475,5.77217563,5.811644284,5.731091543,5.532234277,5.228163498,4.841276332,4.399281887,3.930619378,3.460615682,3.009146973,2.589881794,2.210717071,1.874869883,1.582165617,1.330229287,1.115443699,0.933646073,0.780592221,0.65223885,0.54489547,0.455289218,0.380575337,0.318316351,0.266445211,0.223222049,0.187190245,0.157134974,0.132045767,0.111083623,0.093552679,0.078876123,0.066575905,0.056255772,0.077391424,0.090267717,0.10519972,0.122478803,0.142423086,0.165374009,0.19168995,0.221735925,0.255868304,0.294413429,0.337639217,0.385719217,0.438689413,0.496399371,0.558461085,0.624201093,0.692623706,0.762394936,0.831857143,0.899082564,0.961969237,1.018375465,1.066280104,1.103948048,1.13007594,1.143894687,1.145212945,1.134397617,1.112299845,1.080144247,1.039402874,0.991673377,0.938574979,0.881668668,0.822401934,0.762074524,0.701820254,0.642600184,0.585203584,0.530254333,0.478221292,0.429431705,0.384086839,0.34227907,0.304009607,0.269206059,0.237739099,0.209437706,0.184102568,0.161517476,0.141458662,0.123702178,0.108029497,0.094231555,0.082111491,0.071486318,0.062187766,0.054062474,0.046971724,0.040790844,0.035408393
S2_13,5,4,1,0,0,3,0,0,1,0,0,0,0,0,0,1,0,0,0,0,1,0,0,0,1,0,1,0,0,0,1,4,0.165541242,0.189101164,0.216406527,0.248079085,0.284834245,0.32748812,0.376961221,0.434276334,0.500547274,0.576954083,0.664699207,0.764938381,0.878679879,1.006647262,1.149104593,1.305650416,1.474997954,1.654773309,1.84137795,2.029970737,2.214620701,2.388658648,2.545213108,2.677864375,2.781308107,2.851906785,2.888031485,2.890148126,2.86065905,2.803551496,2.723921398,2.627440196,2.519824554,2.406360622,2.291525439,2.178735892,2.070239397,1.967142584,1.869558122,1.776837911,1.687854193,1.601288486,1.515891342,1.430683493,1.345080192,1.258934137,1.172505541,1.086378173,1.001345466,0.918290494,0.83807894,0.761477044,0.689099116,0.621383296,0.558590378,0.500818977,0.448030323,0.400077105,0.356732251,0.317715055,0.282713302,0.153451239,0.175434989,0.200958535,0.230616782,0.265094778,0.305174331,0.351737176,0.405762302,0.468314061,0.540516669,0.623509613,0.718377684,0.826049321,0.947158383,1.08186836,1.229665338,1.38913722,1.557771079,1.731815026,1.906259988,2.07499286,2.231149337,2.367652365,2.477870392,2.556287481,2.59906422,2.604392608,2.572599744,2.50601169,2.408629193,2.285683204,2.143136326,1.98718726,1.82382541,1.658472203,1.495732306,1.339261591,1.191742363,1.054943899,0.929840181,0.816756908,0.715524575,0.625621235,0.54629544,0.476665466,0.415794922,0.362747174,0.316622113,0.276579023,0.241849037,0.211740137,0.185637081,0.162998076,0.143349537,0.126279872,0.111432942,0.098501622,0.087221702,0.077366281,0.068740721,0.061178154
S2_14,7,2,0,0,0,3,2,0,2,0,0,1,0,0,0,1,0,0,0,1,1,0,0,0,1,1,1,0,0,1,5,1,0.148926399,0.171312653,0.197242992,0.227296196,0.262144021,0.30256412,0.349453672,0.403843175,0.466909486,0.539986692,0.62457267,0.722328252,0.835064606,0.964712849,1.113267956,1.282696911,1.474799069,1.691005729,1.932107277,2.197902309,2.486776883,2.795246651,3.117531202,3.445273584,3.767553856,4.071346838,4.342511364,4.567259088,4.733867001,4.83424997,4.864990756,4.827572546,4.727812044,4.57472331,4.379149571,4.152465824,3.905539607,3.648017625,3.387925189,3.131526924,2.883385134,2.646551869,2.422835483,2.213091099,2.017496263,1.835786772,1.667440851,1.511810535,1.368206364,1.235945222,1.114372017,1.002864945,0.900832039,0.807704473,0.722929987,0.645968172,0.576288148,0.513368485,0.45669883,0.405782597,0.360140125,0.079886786,0.089178434,0.099507923,0.110977918,0.123697566,0.137781844,0.153350552,0.17052682,0.189435065,0.210198257,0.232934418,0.257752225,0.284745651,0.313987596,0.345522521,0.379358198,0.415456788,0.453725609,0.49400814,0.536075946,0.579622414,0.624259233,0.669516628,0.714848192,0.75964088,0.803230299,0.844920776,0.884009094,0.91981012,0.951682195,0.979050046,1.001423312,1.018409456,1.029720771,1.035176128,1.034698882,1.028312694,1.016136863,0.998382183,0.975347495,0.947416271,0.915051974,0.878790803,0.839230732,0.797016426,0.752820457,0.707322016,0.661184826,0.61503618,0.569448784,0.524926734,0.481896282,0.440701525,0.401604611,0.364789701,0.330369765,0.298395218,0.268863518,0.241728948,0.216912023,0.194308118
S2_15,5,4,1,0,0,3,0,0,1,0,0,0,0,0,0,1,0,0,0,0,1,0,0,0,1,0,1,1,0,0,1,4,0.129229083,0.153249441,0.181891389,0.216055869,0.256809691,0.305407213,0.363308877,0.432191884,0.513945621,0.610640831,0.724457174,0.85754944,1.01182994,1.188646879,1.388350854,1.609770157,1.84966431,2.102289664,2.359269564,2.609973087,2.842522146,3.045348186,3.208962646,3.327425041,3.39902986,3.426015477,3.413484305,3.367994274,3.296303884,3.204563423,3.097991977,2.980900403,2.856865393,2.72890126,2.599555856,2.470927411,2.344638146,2.221808449,2.103063489,1.988584958,1.878203588,1.77151725,1.668015593,1.567193627,1.468641298,1.372102006,1.277498675,1.18493063,1.094647645,1.007009119,0.92243644,0.841365656,0.764205859,0.691306692,0.622936461,0.559270703,0.500389941,0.446284665,0.396865385,0.351975684,0.311406513,0.117335113,0.139584397,0.166193862,0.198026607,0.236106358,0.281638496,0.336027893,0.400888824,0.478039603,0.569470915,0.677272549,0.803498792,0.94995008,1.117850755,1.307415144,1.517322767,1.744172217,1.982047693,2.222390917,2.454382647,2.665953845,2.845348013,2.982899152,3.072509442,3.112348039,3.104574224,3.054273993,2.968069729,2.852884389,2.715151569,2.560509323,2.393835787,2.219429267,2.041176894,1.862636074,1.687023993,1.517150718,1.355340917,1.203378946,1.0624946,0.933390862,0.816304796,0.711088486,0.617297201,0.534274706,0.461229139,0.397296107,0.341588158,0.293231385,0.251390851,0.215286843,0.18420399,0.157495064,0.134581015,0.114948459,0.098145579,0.083777133,0.071499085,0.061013194,0.05206178,0.044422833
S2_16,6,2,2,0,0,1,0,1,1,1,1,0,1,0,0,0,0,0,0,0,1,0,0,1,1,1,0,1,0,1,4,1,0.077764758,0.09547003,0.117194739,0.143828543,0.176442597,0.216317902,0.264973288,0.324189775,0.396026123,0.482817612,0.587146538,0.711768475,0.859473578,1.032858242,1.233981833,1.463890508,1.722012158,2.005470904,2.308439889,2.621736375,2.932925717,3.227174487,3.488914193,3.704053908,3.862153806,3.957875012,3.991295978,3.967201511,3.893855144,3.78178394,3.642792952,3.489098366,3.332386137,3.182765255,3.047793663,2.931831182,2.835888801,2.75798599,2.693896552,2.638103018,2.584779508,2.528654335,2.465644994,2.39320334,2.310358749,2.21750002,2.115983002,2.007676604,1.894555628,1.778416575,1.66074481,1.542715346,1.425279018,1.309276662,1.195533643,1.084907744,0.97828567,0.876540308,0.780468988,0.690732836,0.607811757,0.050654756,0.0611042,0.073620869,0.088573244,0.106376997,0.127492283,0.152415877,0.181665848,0.215756022,0.255157173,0.300242073,0.351212561,0.408009074,0.470207182,0.53691167,0.606666194,0.677403976,0.746469389,0.810737697,0.866847086,0.911532524,0.942019405,0.956406545,0.95395587,0.935219285,0.90197089,0.856962228,0.803561163,0.745355831,0.685799705,0.627948696,0.574309207,0.526788582,0.486722635,0.454949458,0.431901384,0.417693832,0.412197557,0.415087662,0.425868046,0.443873783,0.468256847,0.49796295,0.531709245,0.567974053,0.605010087,0.640890988,0.67359673,0.701136442,0.721698224,0.733806726,0.736463324,0.729243295,0.712330633,0.68648293,0.652932765,0.613244174,0.569149588,0.522392786,0.47459798,0.427176616
